artist,sp_id,spotify_artist,sp_genres,sp_popularity,sp_followers
Arizona Zervas,0vRvGUQVUjytro0xpb26bs,"{'external_urls': {'spotify': 'https://open.spotify.com/artist/0vRvGUQVUjytro0xpb26bs'}, 'followers': {'href': None, 'total': 486779}, 'genres': ['pop rap', 'rap', 'rhode island rap'], 'href': 'https://api.spotify.com/v1/artists/0vRvGUQVUjytro0xpb26bs', 'id': '0vRvGUQVUjytro0xpb26bs', 'images': [{'height': 640, 'url': 'https://i.scdn.co/image/d549aadbb8b3a254fdc8e5ac93535a706463dce6', 'width': 640}, {'height': 320, 'url': 'https://i.scdn.co/image/3e8de8dd7f9380757f655028ef3209e73a688a00', 'width': 320}, {'height': 160, 'url': 'https://i.scdn.co/image/b034f5b9aea4d39eef47278e8f8702e116be66cb', 'width': 160}], 'name': 'Arizona Zervas', 'popularity': 80, 'type': 'artist', 'uri': 'spotify:artist:0vRvGUQVUjytro0xpb26bs'}","['pop rap', 'rap', 'rhode island rap']",80,486779
Doja Cat,5cj0lLjcoR7YOSnhnX0Po5,"{'external_urls': {'spotify': 'https://open.spotify.com/artist/5cj0lLjcoR7YOSnhnX0Po5'}, 'followers': {'href': None, 'total': 3445699}, 'genres': ['la indie', 'pop'], 'href': 'https://api.spotify.com/v1/artists/5cj0lLjcoR7YOSnhnX0Po5', 'id': '5cj0lLjcoR7YOSnhnX0Po5', 'images': [{'height': 640, 'url': 'https://i.scdn.co/image/c0492ddbdf41c4595ee1334d3f896ea786005fe9', 'width': 640}, {'height': 320, 'url': 'https://i.scdn.co/image/dff3b75945eda13302aa64bd6a9a82b90aa2a364', 'width': 320}, {'height': 160, 'url': 'https://i.scdn.co/image/d78f2cc538fc953045758c01c62f1524e2bb31e3', 'width': 160}], 'name': 'Doja Cat', 'popularity': 88, 'type': 'artist', 'uri': 'spotify:artist:5cj0lLjcoR7YOSnhnX0Po5'}","['la indie', 'pop']",88,3445699
Camila Cabello,4nDoRrQiYLoBzwC5BhVJzF,"{'external_urls': {'spotify': 'https://open.spotify.com/artist/4nDoRrQiYLoBzwC5BhVJzF'}, 'followers': {'href': None, 'total': 17989469}, 'genres': ['dance pop', 'pop', 'post-teen pop'], 'href': 'https://api.spotify.com/v1/artists/4nDoRrQiYLoBzwC5BhVJzF', 'id': '4nDoRrQiYLoBzwC5BhVJzF', 'images': [{'height': 640, 'url': 'https://i.scdn.co/image/667daebca4856db3f4cbe8f51a4881091e62c401', 'width': 640}, {'height': 320, 'url': 'https://i.scdn.co/image/6628c8b4acfa56206eaf83edd561f0549f8f23df', 'width': 320}, {'height': 160, 'url': 'https://i.scdn.co/image/9beb36d55d0a4784f4adf06fb506d292c688b8bf', 'width': 160}], 'name': 'Camila Cabello', 'popularity': 87, 'type': 'artist', 'uri': 'spotify:artist:4nDoRrQiYLoBzwC5BhVJzF'}","['dance pop', 'pop', 'post-teen pop']",87,17989469
DaBaby,4r63FhuTkUYltbVAg5TQnk,"{'external_urls': {'spotify': 'https://open.spotify.com/artist/4r63FhuTkUYltbVAg5TQnk'}, 'followers': {'href': None, 'total': 4326193}, 'genres': ['north carolina hip hop', 'rap'], 'href': 'https://api.spotify.com/v1/artists/4r63FhuTkUYltbVAg5TQnk', 'id': '4r63FhuTkUYltbVAg5TQnk', 'images': [{'height': 640, 'url': 'https://i.scdn.co/image/f68192e6516d89a77a2b16904725a77b75b42056', 'width': 640}, {'height': 320, 'url': 'https://i.scdn.co/image/f88e08cf9132c7facc2ee9fbdd1be3924b5c5a74', 'width': 320}, {'height': 160, 'url': 'https://i.scdn.co/image/1b6dd2116962f6d9741d0181708e31006b5048a7', 'width': 160}], 'name': 'DaBaby', 'popularity': 95, 'type': 'artist', 'uri': 'spotify:artist:4r63FhuTkUYltbVAg5TQnk'}","['north carolina hip hop', 'rap']",95,4326193
Kid Francescoli,2G7QgTep5IsJHGHm1hXygD,"{'external_urls': {'spotify': 'https://open.spotify.com/artist/2G7QgTep5IsJHGHm1hXygD'}, 'followers': {'href': None, 'total': 82296}, 'genres': ['electronica', 'french indie pop', 'french indietronica', 'new french touch'], 'href': 'https://api.spotify.com/v1/artists/2G7QgTep5IsJHGHm1hXygD', 'id': '2G7QgTep5IsJHGHm1hXygD', 'images': [{'height': 640, 'url': 'https://i.scdn.co/image/835a3c3a4795a24ef939ab9c40b8f3803966084e', 'width': 640}, {'height': 320, 'url': 'https://i.scdn.co/image/55f1788eef92e024530ed41eb67a7ca279492666', 'width': 320}, {'height': 160, 'url': 'https://i.scdn.co/image/cda8487023459df3d2e39a8dc90f5f7bcc6cf5bf', 'width': 160}], 'name': 'Kid Francescoli', 'popularity': 61, 'type': 'artist', 'uri': 'spotify:artist:2G7QgTep5IsJHGHm1hXygD'}","['electronica', 'french indie pop', 'french indietronica', 'new french touch']",61,82296
Cookiee Kawaii,0DbBBj0ScPumRqKXswGQH1,"{'external_urls': {'spotify': 'https://open.spotify.com/artist/0DbBBj0ScPumRqKXswGQH1'}, 'followers': {'href': None, 'total': 36126}, 'genres': ['viral rap'], 'href': 'https://api.spotify.com/v1/artists/0DbBBj0ScPumRqKXswGQH1', 'id': '0DbBBj0ScPumRqKXswGQH1', 'images': [{'height': 640, 'url': 'https://i.scdn.co/image/040b8f6063cb39ff30a0990b979ff1f2185bbf9c', 'width': 640}, {'height': 320, 'url': 'https://i.scdn.co/image/c540d099fe9b4b8b10a7cee6bb3498af22b21026', 'width': 320}, {'height': 160, 'url': 'https://i.scdn.co/image/6d28d6493c8e598ec72f12c24abb89b666a40ccf', 'width': 160}], 'name': 'Cookiee Kawaii', 'popularity': 63, 'type': 'artist', 'uri': 'spotify:artist:0DbBBj0ScPumRqKXswGQH1'}",['viral rap'],63,36126
Roddy Ricch,757aE44tKEUQEqRuT6GnEB,"{'external_urls': {'spotify': 'https://open.spotify.com/artist/757aE44tKEUQEqRuT6GnEB'}, 'followers': {'href': None, 'total': 4162809}, 'genres': ['melodic rap', 'rap'], 'href': 'https://api.spotify.com/v1/artists/757aE44tKEUQEqRuT6GnEB', 'id': '757aE44tKEUQEqRuT6GnEB', 'images': [{'height': 640, 'url': 'https://i.scdn.co/image/020e997fb003cf666859a90b57ca0519df769d30', 'width': 640}, {'height': 320, 'url': 'https://i.scdn.co/image/38ce38b6127b0aced2667ffca0cde86d3c5055f3', 'width': 320}, {'height': 160, 'url': 'https://i.scdn.co/image/ad705fa61c78d83302a058a3db06b2ed8a7ec9a8', 'width': 160}], 'name': 'Roddy Ricch', 'popularity': 92, 'type': 'artist', 'uri': 'spotify:artist:757aE44tKEUQEqRuT6GnEB'}","['melodic rap', 'rap']",92,4162809
Deep Chills,12rBrcOPP50qIan8ew4iTP,"{'external_urls': {'spotify': 'https://open.spotify.com/artist/12rBrcOPP50qIan8ew4iTP'}, 'followers': {'href': None, 'total': 41752}, 'genres': ['deep tropical house', 'tropical house'], 'href': 'https://api.spotify.com/v1/artists/12rBrcOPP50qIan8ew4iTP', 'id': '12rBrcOPP50qIan8ew4iTP', 'images': [{'height': 640, 'url': 'https://i.scdn.co/image/19173ef80ebf302b7c8c612c69ca46c886c9cc67', 'width': 640}, {'height': 320, 'url': 'https://i.scdn.co/image/fde56d94a01002bf8579e242885d1984daec14a6', 'width': 320}, {'height': 160, 'url': 'https://i.scdn.co/image/5455e4f0392cc76d4ab326284107fb63bbfb9535', 'width': 160}], 'name': 'Deep Chills', 'popularity': 58, 'type': 'artist', 'uri': 'spotify:artist:12rBrcOPP50qIan8ew4iTP'}","['deep tropical house', 'tropical house']",58,41752
IVIE,2ol1cb6xyYpaxRTUsl1CYN,"{'external_urls': {'spotify': 'https://open.spotify.com/artist/2ol1cb6xyYpaxRTUsl1CYN'}, 'followers': {'href': None, 'total': 894}, 'genres': ['indie electropop'], 'href': 'https://api.spotify.com/v1/artists/2ol1cb6xyYpaxRTUsl1CYN', 'id': '2ol1cb6xyYpaxRTUsl1CYN', 'images': [{'height': 640, 'url': 'https://i.scdn.co/image/3c42efb87fb7daded98c58b61294918fb30df8d3', 'width': 640}, {'height': 320, 'url': 'https://i.scdn.co/image/651fb1b00df276dcb113d4cfdf2646cd9ccbf234', 'width': 320}, {'height': 160, 'url': 'https://i.scdn.co/image/72cfad4cc200b1b4b59b5a1ea7014d171a9d4fb4', 'width': 160}], 'name': 'IVIE', 'popularity': 51, 'type': 'artist', 'uri': 'spotify:artist:2ol1cb6xyYpaxRTUsl1CYN'}",['indie electropop'],51,894
HUTS,6d4AePmkVnbu2qIbT6vsem,"{'external_urls': {'spotify': 'https://open.spotify.com/artist/6d4AePmkVnbu2qIbT6vsem'}, 'followers': {'href': None, 'total': 1769}, 'genres': [], 'href': 'https://api.spotify.com/v1/artists/6d4AePmkVnbu2qIbT6vsem', 'id': '6d4AePmkVnbu2qIbT6vsem', 'images': [{'height': 640, 'url': 'https://i.scdn.co/image/5bb433698303f423f49d748c057f320f6b38b6c7', 'width': 640}, {'height': 320, 'url': 'https://i.scdn.co/image/fe01630264199e2f7bdc4560517ead8f9e8b81b9', 'width': 320}, {'height': 160, 'url': 'https://i.scdn.co/image/d752e2c9d57a0ca4d84a17e44f21729f6acd917d', 'width': 160}], 'name': 'HUTS', 'popularity': 53, 'type': 'artist', 'uri': 'spotify:artist:6d4AePmkVnbu2qIbT6vsem'}",[],53,1769
Trill Ryan,0Br4l2km0ic7BSsNh1E5h4,"{'external_urls': {'spotify': 'https://open.spotify.com/artist/0Br4l2km0ic7BSsNh1E5h4'}, 'followers': {'href': None, 'total': 6063}, 'genres': [], 'href': 'https://api.spotify.com/v1/artists/0Br4l2km0ic7BSsNh1E5h4', 'id': '0Br4l2km0ic7BSsNh1E5h4', 'images': [{'height': 640, 'url': 'https://i.scdn.co/image/9a3b83744af6f7d1f4d3637459a72920b61d756e', 'width': 640}, {'height': 320, 'url': 'https://i.scdn.co/image/38ac32890a55fe591356607ccda5546db179d6f6', 'width': 320}, {'height': 160, 'url': 'https://i.scdn.co/image/5930cb614ce5c926a8e14789ed64890300fbe1a6', 'width': 160}], 'name': 'Trill Ryan', 'popularity': 55, 'type': 'artist', 'uri': 'spotify:artist:0Br4l2km0ic7BSsNh1E5h4'}",[],55,6063
DeJ Loaf,7kFfY4UjNdNyaeUgLIEbIF,"{'external_urls': {'spotify': 'https://open.spotify.com/artist/7kFfY4UjNdNyaeUgLIEbIF'}, 'followers': {'href': None, 'total': 1205497}, 'genres': ['detroit hip hop', 'pop r&b', 'pop rap', 'rap', 'trap', 'trap queen'], 'href': 'https://api.spotify.com/v1/artists/7kFfY4UjNdNyaeUgLIEbIF', 'id': '7kFfY4UjNdNyaeUgLIEbIF', 'images': [{'height': 640, 'url': 'https://i.scdn.co/image/c36a96bbe00897ed3889dbe31759e79c06a6ba4d', 'width': 640}, {'height': 320, 'url': 'https://i.scdn.co/image/d8b17d011819d63e4a4d71c863e3574562f34765', 'width': 320}, {'height': 160, 'url': 'https://i.scdn.co/image/31d60317a594567b53bb4a4638f8046cfb95f6b4', 'width': 160}], 'name': 'DeJ Loaf', 'popularity': 70, 'type': 'artist', 'uri': 'spotify:artist:7kFfY4UjNdNyaeUgLIEbIF'}","['detroit hip hop', 'pop r&b', 'pop rap', 'rap', 'trap', 'trap queen']",70,1205497
Big Sean,0c173mlxpT3dSFRgMO8XPh,"{'external_urls': {'spotify': 'https://open.spotify.com/artist/0c173mlxpT3dSFRgMO8XPh'}, 'followers': {'href': None, 'total': 7678069}, 'genres': ['detroit hip hop', 'hip hop', 'pop rap', 'rap', 'southern hip hop', 'trap'], 'href': 'https://api.spotify.com/v1/artists/0c173mlxpT3dSFRgMO8XPh', 'id': '0c173mlxpT3dSFRgMO8XPh', 'images': [{'height': 640, 'url': 'https://i.scdn.co/image/c34667b11ae7fe716a8bcbf14ecc4683da255542', 'width': 640}, {'height': 320, 'url': 'https://i.scdn.co/image/7e2a03c353f427464c0bce9427aa6ca6a1e2808e', 'width': 320}, {'height': 160, 'url': 'https://i.scdn.co/image/e1e99a69cc520d4e2f7b55d5af98d5fcec101f4b', 'width': 160}], 'name': 'Big Sean', 'popularity': 87, 'type': 'artist', 'uri': 'spotify:artist:0c173mlxpT3dSFRgMO8XPh'}","['detroit hip hop', 'hip hop', 'pop rap', 'rap', 'southern hip hop', 'trap']",87,7678069
Kesha,6LqNN22kT3074XbTVUrhzX,"{'external_urls': {'spotify': 'https://open.spotify.com/artist/6LqNN22kT3074XbTVUrhzX'}, 'followers': {'href': None, 'total': 5783525}, 'genres': ['dance pop', 'electropop', 'pop', 'post-teen pop'], 'href': 'https://api.spotify.com/v1/artists/6LqNN22kT3074XbTVUrhzX', 'id': '6LqNN22kT3074XbTVUrhzX', 'images': [{'height': 640, 'url': 'https://i.scdn.co/image/282055081bba71c1f715c6459de13d12fb4373d5', 'width': 640}, {'height': 320, 'url': 'https://i.scdn.co/image/1ff77be1c42cfacecbcb22b6965e8ae9c39c0c12', 'width': 320}, {'height': 160, 'url': 'https://i.scdn.co/image/ceff67562edd8f597d3cfc0d607c438960944b0d', 'width': 160}], 'name': 'Kesha', 'popularity': 80, 'type': 'artist', 'uri': 'spotify:artist:6LqNN22kT3074XbTVUrhzX'}","['dance pop', 'electropop', 'pop', 'post-teen pop']",80,5783525
Trevor Daniel,7uaIm6Pw7xplS8Dy06V6pT,"{'external_urls': {'spotify': 'https://open.spotify.com/artist/7uaIm6Pw7xplS8Dy06V6pT'}, 'followers': {'href': None, 'total': 461916}, 'genres': ['alternative r&b', 'melodic rap', 'pop rap'], 'href': 'https://api.spotify.com/v1/artists/7uaIm6Pw7xplS8Dy06V6pT', 'id': '7uaIm6Pw7xplS8Dy06V6pT', 'images': [{'height': 640, 'url': 'https://i.scdn.co/image/42dce8deb4dae01e1b39964981d099c92dff1902', 'width': 640}, {'height': 320, 'url': 'https://i.scdn.co/image/683e76307968ca603ae77b26b1fe641c62206261', 'width': 320}, {'height': 160, 'url': 'https://i.scdn.co/image/55148605ce5288d172a813a17d744581305cd7ff', 'width': 160}], 'name': 'Trevor Daniel', 'popularity': 81, 'type': 'artist', 'uri': 'spotify:artist:7uaIm6Pw7xplS8Dy06V6pT'}","['alternative r&b', 'melodic rap', 'pop rap']",81,461916
Ashnikko,3PyJHH2wyfQK3WZrk9rpmP,"{'external_urls': {'spotify': 'https://open.spotify.com/artist/3PyJHH2wyfQK3WZrk9rpmP'}, 'followers': {'href': None, 'total': 338730}, 'genres': ['electropop', 'escape room', 'pop'], 'href': 'https://api.spotify.com/v1/artists/3PyJHH2wyfQK3WZrk9rpmP', 'id': '3PyJHH2wyfQK3WZrk9rpmP', 'images': [{'height': 640, 'url': 'https://i.scdn.co/image/b25d90a5a4ea803b3f7d07844f4eb9f30f30f3c9', 'width': 640}, {'height': 320, 'url': 'https://i.scdn.co/image/c8346776080ae0bd68c44a64d88119fa8cca9f58', 'width': 320}, {'height': 160, 'url': 'https://i.scdn.co/image/a9c5d19003dbf3524886d918615b7cc07741171e', 'width': 160}], 'name': 'Ashnikko', 'popularity': 74, 'type': 'artist', 'uri': 'spotify:artist:3PyJHH2wyfQK3WZrk9rpmP'}","['electropop', 'escape room', 'pop']",74,338730
Sub Urban,7gXb99Sf9nNmpNYeAgIQFG,"{'external_urls': {'spotify': 'https://open.spotify.com/artist/7gXb99Sf9nNmpNYeAgIQFG'}, 'followers': {'href': None, 'total': 460539}, 'genres': ['modern indie pop'], 'href': 'https://api.spotify.com/v1/artists/7gXb99Sf9nNmpNYeAgIQFG', 'id': '7gXb99Sf9nNmpNYeAgIQFG', 'images': [{'height': 640, 'url': 'https://i.scdn.co/image/0f32852300cf6fff640731fec6321d4573368175', 'width': 640}, {'height': 320, 'url': 'https://i.scdn.co/image/f392fbfd45af13b8ffb09e01fdd5601bccfc25ad', 'width': 320}, {'height': 160, 'url': 'https://i.scdn.co/image/fbee5047a1639aa8deda0fbffe0c802705c03824', 'width': 160}], 'name': 'Sub Urban', 'popularity': 74, 'type': 'artist', 'uri': 'spotify:artist:7gXb99Sf9nNmpNYeAgIQFG'}",['modern indie pop'],74,460539
Daddy Yankee,4VMYDCV2IEDYJArk749S6m,"{'external_urls': {'spotify': 'https://open.spotify.com/artist/4VMYDCV2IEDYJArk749S6m'}, 'followers': {'href': None, 'total': 19823819}, 'genres': ['latin', 'latin hip hop', 'reggaeton', 'tropical'], 'href': 'https://api.spotify.com/v1/artists/4VMYDCV2IEDYJArk749S6m', 'id': '4VMYDCV2IEDYJArk749S6m', 'images': [{'height': 640, 'url': 'https://i.scdn.co/image/f03d0c7a47bf08cb4ae8de345521346553bc015f', 'width': 640}, {'height': 320, 'url': 'https://i.scdn.co/image/00ede3ad95b95b53d8da0cbe9b9973161d8e7425', 'width': 320}, {'height': 160, 'url': 'https://i.scdn.co/image/a5ada97e9e510f82c1b4325f5ee2e9d351a5d725', 'width': 160}], 'name': 'Daddy Yankee', 'popularity': 92, 'type': 'artist', 'uri': 'spotify:artist:4VMYDCV2IEDYJArk749S6m'}","['latin', 'latin hip hop', 'reggaeton', 'tropical']",92,19823819
Oro Solido,7wLYNBd1fXGEKSLJMNnlt4,"{'external_urls': {'spotify': 'https://open.spotify.com/artist/7wLYNBd1fXGEKSLJMNnlt4'}, 'followers': {'href': None, 'total': 91774}, 'genres': ['latin', 'merengue', 'tropical'], 'href': 'https://api.spotify.com/v1/artists/7wLYNBd1fXGEKSLJMNnlt4', 'id': '7wLYNBd1fXGEKSLJMNnlt4', 'images': [{'height': 640, 'url': 'https://i.scdn.co/image/ab67616d0000b2734466e071b0d0a55da1d4b0f5', 'width': 640}, {'height': 300, 'url': 'https://i.scdn.co/image/ab67616d00001e024466e071b0d0a55da1d4b0f5', 'width': 300}, {'height': 64, 'url': 'https://i.scdn.co/image/ab67616d000048514466e071b0d0a55da1d4b0f5', 'width': 64}], 'name': 'Oro Solido', 'popularity': 55, 'type': 'artist', 'uri': 'spotify:artist:7wLYNBd1fXGEKSLJMNnlt4'}","['latin', 'merengue', 'tropical']",55,91774
BENEE,0Cp8WN4V8Tu4QJQwCN5Md4,"{'external_urls': {'spotify': 'https://open.spotify.com/artist/0Cp8WN4V8Tu4QJQwCN5Md4'}, 'followers': {'href': None, 'total': 436830}, 'genres': ['indie r&b', 'nz pop', 'pop'], 'href': 'https://api.spotify.com/v1/artists/0Cp8WN4V8Tu4QJQwCN5Md4', 'id': '0Cp8WN4V8Tu4QJQwCN5Md4', 'images': [{'height': 640, 'url': 'https://i.scdn.co/image/cf1265cb1c2c35d253cbbac9b1489bc181322ed3', 'width': 640}, {'height': 320, 'url': 'https://i.scdn.co/image/95e5164d793a587bbd52217612342b6cce8da94d', 'width': 320}, {'height': 160, 'url': 'https://i.scdn.co/image/0cbb555517bc8c6f5cb273ce80c55c421799c2c3', 'width': 160}], 'name': 'BENEE', 'popularity': 79, 'type': 'artist', 'uri': 'spotify:artist:0Cp8WN4V8Tu4QJQwCN5Md4'}","['indie r&b', 'nz pop', 'pop']",79,436830
Hippie Sabotage,4dM6NDYSfLcspt8GLoT5aE,"{'external_urls': {'spotify': 'https://open.spotify.com/artist/4dM6NDYSfLcspt8GLoT5aE'}, 'followers': {'href': None, 'total': 553460}, 'genres': ['edm'], 'href': 'https://api.spotify.com/v1/artists/4dM6NDYSfLcspt8GLoT5aE', 'id': '4dM6NDYSfLcspt8GLoT5aE', 'images': [{'height': 1000, 'url': 'https://i.scdn.co/image/37dd465e7bca202f2323da8de277a183135599fb', 'width': 1000}, {'height': 640, 'url': 'https://i.scdn.co/image/fb649ac072d0b89cbca137e7f7356b66a944d707', 'width': 640}, {'height': 200, 'url': 'https://i.scdn.co/image/97d029b8c41194066a5025a1b602d151e25a356e', 'width': 200}, {'height': 64, 'url': 'https://i.scdn.co/image/19b760801289a649a1d4c6b41c76afadecbc8ba3', 'width': 64}], 'name': 'Hippie Sabotage', 'popularity': 75, 'type': 'artist', 'uri': 'spotify:artist:4dM6NDYSfLcspt8GLoT5aE'}",['edm'],75,553460
Todrick Hall,0gBvuNzrFCOVaiyKexoYMH,"{'external_urls': {'spotify': 'https://open.spotify.com/artist/0gBvuNzrFCOVaiyKexoYMH'}, 'followers': {'href': None, 'total': 248797}, 'genres': ['dance pop', 'pop', 'pop rap', 'post-teen pop'], 'href': 'https://api.spotify.com/v1/artists/0gBvuNzrFCOVaiyKexoYMH', 'id': '0gBvuNzrFCOVaiyKexoYMH', 'images': [{'height': 640, 'url': 'https://i.scdn.co/image/ab67616d0000b273b3b1034b958f2c71e813b76b', 'width': 640}, {'height': 300, 'url': 'https://i.scdn.co/image/ab67616d00001e02b3b1034b958f2c71e813b76b', 'width': 300}, {'height': 64, 'url': 'https://i.scdn.co/image/ab67616d00004851b3b1034b958f2c71e813b76b', 'width': 64}], 'name': 'Todrick Hall', 'popularity': 64, 'type': 'artist', 'uri': 'spotify:artist:0gBvuNzrFCOVaiyKexoYMH'}","['dance pop', 'pop', 'pop rap', 'post-teen pop']",64,248797
Panic! At The Disco,20JZFwl6HVl6yg8a4H3ZqK,"{'external_urls': {'spotify': 'https://open.spotify.com/artist/20JZFwl6HVl6yg8a4H3ZqK'}, 'followers': {'href': None, 'total': 9912645}, 'genres': ['baroque pop', 'emo', 'modern rock', 'pop punk'], 'href': 'https://api.spotify.com/v1/artists/20JZFwl6HVl6yg8a4H3ZqK', 'id': '20JZFwl6HVl6yg8a4H3ZqK', 'images': [{'height': 640, 'url': 'https://i.scdn.co/image/58518a04cdd1f20a24cf0545838f3a7b775f8080', 'width': 640}, {'height': 320, 'url': 'https://i.scdn.co/image/e71f9ba6573c95041ecd71f766788668f1ceb998', 'width': 320}, {'height': 160, 'url': 'https://i.scdn.co/image/5b0544b8a3898be8693915ef7bffb216f781d23d', 'width': 160}], 'name': 'Panic! At The Disco', 'popularity': 84, 'type': 'artist', 'uri': 'spotify:artist:20JZFwl6HVl6yg8a4H3ZqK'}","['baroque pop', 'emo', 'modern rock', 'pop punk']",84,9912645
KRYPTO9095,3IQWn6L1It2U2Eq1IvXiZe,"{'external_urls': {'spotify': 'https://open.spotify.com/artist/3IQWn6L1It2U2Eq1IvXiZe'}, 'followers': {'href': None, 'total': 14735}, 'genres': [], 'href': 'https://api.spotify.com/v1/artists/3IQWn6L1It2U2Eq1IvXiZe', 'id': '3IQWn6L1It2U2Eq1IvXiZe', 'images': [{'height': 640, 'url': 'https://i.scdn.co/image/cacbe9202f5ceed0f5f1bf239cc6914d8258f2db', 'width': 640}, {'height': 320, 'url': 'https://i.scdn.co/image/2323ce22d16c9af2deb8387fa20b0dc1cb2b5357', 'width': 320}, {'height': 160, 'url': 'https://i.scdn.co/image/f3a5dac03bc8fdc82fdbf32aabbafd9e21006c44', 'width': 160}], 'name': 'KRYPTO9095', 'popularity': 56, 'type': 'artist', 'uri': 'spotify:artist:3IQWn6L1It2U2Eq1IvXiZe'}",[],56,14735
D3Mstreet,5YmtXtYdmTZDjJB9kjjzzs,"{'external_urls': {'spotify': 'https://open.spotify.com/artist/5YmtXtYdmTZDjJB9kjjzzs'}, 'followers': {'href': None, 'total': 1554}, 'genres': [], 'href': 'https://api.spotify.com/v1/artists/5YmtXtYdmTZDjJB9kjjzzs', 'id': '5YmtXtYdmTZDjJB9kjjzzs', 'images': [{'height': 640, 'url': 'https://i.scdn.co/image/b28cacfcc35f1e493b5381c2d9bf9ed25774ea84', 'width': 640}, {'height': 320, 'url': 'https://i.scdn.co/image/d9d1b5d25018edb4391d6558e52d3569cd3d4a4b', 'width': 320}, {'height': 160, 'url': 'https://i.scdn.co/image/9c1cc3e8d36be0e23c66952db43707c7497bfb75', 'width': 160}], 'name': 'D3Mstreet', 'popularity': 56, 'type': 'artist', 'uri': 'spotify:artist:5YmtXtYdmTZDjJB9kjjzzs'}",[],56,1554
Engelwood,7rgCh0Go1ezmcV75kXQM2T,"{'external_urls': {'spotify': 'https://open.spotify.com/artist/7rgCh0Go1ezmcV75kXQM2T'}, 'followers': {'href': None, 'total': 71276}, 'genres': ['chillhop', 'future funk'], 'href': 'https://api.spotify.com/v1/artists/7rgCh0Go1ezmcV75kXQM2T', 'id': '7rgCh0Go1ezmcV75kXQM2T', 'images': [{'height': 640, 'url': 'https://i.scdn.co/image/e4036a61f7edf8f6ce409aac4fa11e8ac0c83d2e', 'width': 640}, {'height': 320, 'url': 'https://i.scdn.co/image/7b93e5bda4ee8112330b34499f1f9284504c39fa', 'width': 320}, {'height': 160, 'url': 'https://i.scdn.co/image/ffa7d7df03807ace22e468eef1cca1f5aa7e2089', 'width': 160}], 'name': 'Engelwood', 'popularity': 61, 'type': 'artist', 'uri': 'spotify:artist:7rgCh0Go1ezmcV75kXQM2T'}","['chillhop', 'future funk']",61,71276
Y2K,6USMTwO0MNDnKte5a5h0xx,"{'external_urls': {'spotify': 'https://open.spotify.com/artist/6USMTwO0MNDnKte5a5h0xx'}, 'followers': {'href': None, 'total': 241867}, 'genres': ['pop rap'], 'href': 'https://api.spotify.com/v1/artists/6USMTwO0MNDnKte5a5h0xx', 'id': '6USMTwO0MNDnKte5a5h0xx', 'images': [{'height': 640, 'url': 'https://i.scdn.co/image/10df130e3c229399bcecc55ce0eda289b60e0047', 'width': 640}, {'height': 320, 'url': 'https://i.scdn.co/image/51c998f34b707b6e63648f9332f8b934e8ec50f3', 'width': 320}, {'height': 160, 'url': 'https://i.scdn.co/image/f6e93dc92e764441a673c2d24caf61833e9c7fc8', 'width': 160}], 'name': 'Y2K', 'popularity': 72, 'type': 'artist', 'uri': 'spotify:artist:6USMTwO0MNDnKte5a5h0xx'}",['pop rap'],72,241867
bbno$,41X1TR6hrK8Q2ZCpp2EqCz,"{'external_urls': {'spotify': 'https://open.spotify.com/artist/41X1TR6hrK8Q2ZCpp2EqCz'}, 'followers': {'href': None, 'total': 647331}, 'genres': ['canadian hip hop', 'dark trap', 'vapor trap'], 'href': 'https://api.spotify.com/v1/artists/41X1TR6hrK8Q2ZCpp2EqCz', 'id': '41X1TR6hrK8Q2ZCpp2EqCz', 'images': [{'height': 640, 'url': 'https://i.scdn.co/image/a84b5c64405a28e3102c4b98397be9ad403e2c49', 'width': 640}, {'height': 320, 'url': 'https://i.scdn.co/image/78dd36017fc549311e77b4a5b62be8ff279710ae', 'width': 320}, {'height': 160, 'url': 'https://i.scdn.co/image/6e67af09e26478e7e55d40ded5284202bb7b7816', 'width': 160}], 'name': 'bbno$', 'popularity': 80, 'type': 'artist', 'uri': 'spotify:artist:41X1TR6hrK8Q2ZCpp2EqCz'}","['canadian hip hop', 'dark trap', 'vapor trap']",80,647331
Tez Cadey,5cBeFQv3kBVP8o15CmPTKb,"{'external_urls': {'spotify': 'https://open.spotify.com/artist/5cBeFQv3kBVP8o15CmPTKb'}, 'followers': {'href': None, 'total': 68661}, 'genres': ['deep tropical house', 'tropical house'], 'href': 'https://api.spotify.com/v1/artists/5cBeFQv3kBVP8o15CmPTKb', 'id': '5cBeFQv3kBVP8o15CmPTKb', 'images': [{'height': 640, 'url': 'https://i.scdn.co/image/71160a9f790fbf39fe431b35f4538f7d5c606c9e', 'width': 640}, {'height': 320, 'url': 'https://i.scdn.co/image/0d095f90f5c28374d741d53e709dbe08458be12b', 'width': 320}, {'height': 160, 'url': 'https://i.scdn.co/image/52d2d11d06400898237d6de346df29aa13733706', 'width': 160}], 'name': 'Tez Cadey', 'popularity': 61, 'type': 'artist', 'uri': 'spotify:artist:5cBeFQv3kBVP8o15CmPTKb'}","['deep tropical house', 'tropical house']",61,68661
Ajay Stephens,19vSzy8s8Vc04MWTqExkLN,"{'external_urls': {'spotify': 'https://open.spotify.com/artist/19vSzy8s8Vc04MWTqExkLN'}, 'followers': {'href': None, 'total': 13920}, 'genres': [], 'href': 'https://api.spotify.com/v1/artists/19vSzy8s8Vc04MWTqExkLN', 'id': '19vSzy8s8Vc04MWTqExkLN', 'images': [{'height': 640, 'url': 'https://i.scdn.co/image/706b48a023a8973dfb063a9c27760c745cdba10c', 'width': 640}, {'height': 320, 'url': 'https://i.scdn.co/image/7ab36e6d95373a20bd16728d564e1c80bf2d994e', 'width': 320}, {'height': 160, 'url': 'https://i.scdn.co/image/17951de0eb6fed8e0161fa724de4c422fe9138d6', 'width': 160}], 'name': 'Ajay Stephens', 'popularity': 49, 'type': 'artist', 'uri': 'spotify:artist:19vSzy8s8Vc04MWTqExkLN'}",[],49,13920
MEDUZA,0xRXCcSX89eobfrshSVdyu,"{'external_urls': {'spotify': 'https://open.spotify.com/artist/0xRXCcSX89eobfrshSVdyu'}, 'followers': {'href': None, 'total': 308227}, 'genres': ['brazilian edm', 'edm', 'electro house', 'pop house'], 'href': 'https://api.spotify.com/v1/artists/0xRXCcSX89eobfrshSVdyu', 'id': '0xRXCcSX89eobfrshSVdyu', 'images': [{'height': 640, 'url': 'https://i.scdn.co/image/f1dc8347ce1fd49e13f3e799175290a36e02b52d', 'width': 640}, {'height': 320, 'url': 'https://i.scdn.co/image/b7874e98d4e137794efa46a3105ddc1d2bb1917b', 'width': 320}, {'height': 160, 'url': 'https://i.scdn.co/image/e7b67a1f57c85a14544b30e7b5c8f7f4a50d15b9', 'width': 160}], 'name': 'MEDUZA', 'popularity': 79, 'type': 'artist', 'uri': 'spotify:artist:0xRXCcSX89eobfrshSVdyu'}","['brazilian edm', 'edm', 'electro house', 'pop house']",79,308227
Becky Hill,4EPJlUEBy49EX1wuFOvtjK,"{'external_urls': {'spotify': 'https://open.spotify.com/artist/4EPJlUEBy49EX1wuFOvtjK'}, 'followers': {'href': None, 'total': 202426}, 'genres': ['dance pop', 'house', 'pop', 'pop house', 'tropical house', 'uk dance', 'uk pop'], 'href': 'https://api.spotify.com/v1/artists/4EPJlUEBy49EX1wuFOvtjK', 'id': '4EPJlUEBy49EX1wuFOvtjK', 'images': [{'height': 640, 'url': 'https://i.scdn.co/image/ebe548ef0f5881921687fb88c854461ffb755861', 'width': 640}, {'height': 320, 'url': 'https://i.scdn.co/image/c35ee69e11b9ac6bf342818480a95acab678e03b', 'width': 320}, {'height': 160, 'url': 'https://i.scdn.co/image/36d1b8191e0ab589103a2dfa2daedf82932a1d3e', 'width': 160}], 'name': 'Becky Hill', 'popularity': 80, 'type': 'artist', 'uri': 'spotify:artist:4EPJlUEBy49EX1wuFOvtjK'}","['dance pop', 'house', 'pop', 'pop house', 'tropical house', 'uk dance', 'uk pop']",80,202426
Goodboys,2nm38smINjms1LtczR0Cei,"{'external_urls': {'spotify': 'https://open.spotify.com/artist/2nm38smINjms1LtczR0Cei'}, 'followers': {'href': None, 'total': 14108}, 'genres': ['uk dance'], 'href': 'https://api.spotify.com/v1/artists/2nm38smINjms1LtczR0Cei', 'id': '2nm38smINjms1LtczR0Cei', 'images': [{'height': 640, 'url': 'https://i.scdn.co/image/a1bb3f887b78fc363d99984192fa21282bc95e58', 'width': 640}, {'height': 320, 'url': 'https://i.scdn.co/image/e0fd5d202f24305af307fd1e1fce4aeeff823ca2', 'width': 320}, {'height': 160, 'url': 'https://i.scdn.co/image/814fb84c777b3e074c533b7fd81351e521b59297', 'width': 160}], 'name': 'Goodboys', 'popularity': 79, 'type': 'artist', 'uri': 'spotify:artist:2nm38smINjms1LtczR0Cei'}",['uk dance'],79,14108
Dua Lipa,6M2wZ9GZgrQXHCFfjv46we,"{'external_urls': {'spotify': 'https://open.spotify.com/artist/6M2wZ9GZgrQXHCFfjv46we'}, 'followers': {'href': None, 'total': 19390415}, 'genres': ['dance pop', 'pop', 'uk pop'], 'href': 'https://api.spotify.com/v1/artists/6M2wZ9GZgrQXHCFfjv46we', 'id': '6M2wZ9GZgrQXHCFfjv46we', 'images': [{'height': 640, 'url': 'https://i.scdn.co/image/330f9806621bc0fe67f5c06f2f1f8df53d011b4e', 'width': 640}, {'height': 320, 'url': 'https://i.scdn.co/image/1d452370e002660986515bacbcaf28a9aea68d2e', 'width': 320}, {'height': 160, 'url': 'https://i.scdn.co/image/44893ea0065579ff145176eab721794b7714640c', 'width': 160}], 'name': 'Dua Lipa', 'popularity': 93, 'type': 'artist', 'uri': 'spotify:artist:6M2wZ9GZgrQXHCFfjv46we'}","['dance pop', 'pop', 'uk pop']",93,19390415
Anson Seabra,2jHp7gQArCQrlMvdrIVFCg,"{'external_urls': {'spotify': 'https://open.spotify.com/artist/2jHp7gQArCQrlMvdrIVFCg'}, 'followers': {'href': None, 'total': 412693}, 'genres': ['indie cafe pop', 'pop'], 'href': 'https://api.spotify.com/v1/artists/2jHp7gQArCQrlMvdrIVFCg', 'id': '2jHp7gQArCQrlMvdrIVFCg', 'images': [{'height': 640, 'url': 'https://i.scdn.co/image/0a2c30e1aa966780beecde57237ad4bd5cc33bb1', 'width': 640}, {'height': 320, 'url': 'https://i.scdn.co/image/9a1bde325fa9cbd5de618efc3b3736073fc6f2d8', 'width': 320}, {'height': 160, 'url': 'https://i.scdn.co/image/fe6d7c01433b3e177817713c72a6da484961c7e1', 'width': 160}], 'name': 'Anson Seabra', 'popularity': 73, 'type': 'artist', 'uri': 'spotify:artist:2jHp7gQArCQrlMvdrIVFCg'}","['indie cafe pop', 'pop']",73,412693
Nfasis,5ypEYwWaSgtjBPCPcredFM,"{'external_urls': {'spotify': 'https://open.spotify.com/artist/5ypEYwWaSgtjBPCPcredFM'}, 'followers': {'href': None, 'total': 122139}, 'genres': ['dembow', 'dominican pop', 'perreo', 'rap dominicano'], 'href': 'https://api.spotify.com/v1/artists/5ypEYwWaSgtjBPCPcredFM', 'id': '5ypEYwWaSgtjBPCPcredFM', 'images': [{'height': 640, 'url': 'https://i.scdn.co/image/01935373bb0f66b2acf558ea5fa0eda87e6b0eb4', 'width': 640}, {'height': 320, 'url': 'https://i.scdn.co/image/46fe4e76da8dc184bf119b8192eebe02162d3a56', 'width': 320}, {'height': 160, 'url': 'https://i.scdn.co/image/7689a91ddb2fd149a1baf35eee13f23d2f00cc93', 'width': 160}], 'name': 'Nfasis', 'popularity': 63, 'type': 'artist', 'uri': 'spotify:artist:5ypEYwWaSgtjBPCPcredFM'}","['dembow', 'dominican pop', 'perreo', 'rap dominicano']",63,122139
Sean Paul,3Isy6kedDrgPYoTS1dazA9,"{'external_urls': {'spotify': 'https://open.spotify.com/artist/3Isy6kedDrgPYoTS1dazA9'}, 'followers': {'href': None, 'total': 3145599}, 'genres': ['dance pop', 'dancehall', 'pop', 'pop rap'], 'href': 'https://api.spotify.com/v1/artists/3Isy6kedDrgPYoTS1dazA9', 'id': '3Isy6kedDrgPYoTS1dazA9', 'images': [{'height': 640, 'url': 'https://i.scdn.co/image/e15025ccdfab6e62b9c2b391e4e5f44bac36a3db', 'width': 640}, {'height': 320, 'url': 'https://i.scdn.co/image/b4533be0e359e91e13bdf87667b107f4672472ad', 'width': 320}, {'height': 160, 'url': 'https://i.scdn.co/image/69b7c0342aff7e1d662a1579507bbcef3a18e87a', 'width': 160}], 'name': 'Sean Paul', 'popularity': 83, 'type': 'artist', 'uri': 'spotify:artist:3Isy6kedDrgPYoTS1dazA9'}","['dance pop', 'dancehall', 'pop', 'pop rap']",83,3145599
Lauren Daigle,40LHVA5BTQp9RxHOQ9JPYj,"{'external_urls': {'spotify': 'https://open.spotify.com/artist/40LHVA5BTQp9RxHOQ9JPYj'}, 'followers': {'href': None, 'total': 1403206}, 'genres': ['ccm', 'christian alternative rock', 'christian music', 'worship'], 'href': 'https://api.spotify.com/v1/artists/40LHVA5BTQp9RxHOQ9JPYj', 'id': '40LHVA5BTQp9RxHOQ9JPYj', 'images': [{'height': 640, 'url': 'https://i.scdn.co/image/bda8309d6e51d334c150e2ee56b1272356158060', 'width': 640}, {'height': 320, 'url': 'https://i.scdn.co/image/10aef2a926a9716c740503883f3c81e8fed60079', 'width': 320}, {'height': 160, 'url': 'https://i.scdn.co/image/63d839bfde458b023db256c4b59fa67cc6ebcf9c', 'width': 160}], 'name': 'Lauren Daigle', 'popularity': 74, 'type': 'artist', 'uri': 'spotify:artist:40LHVA5BTQp9RxHOQ9JPYj'}","['ccm', 'christian alternative rock', 'christian music', 'worship']",74,1403206
Mustard,0YinUQ50QDB7ZxSCLyQ40k,"{'external_urls': {'spotify': 'https://open.spotify.com/artist/0YinUQ50QDB7ZxSCLyQ40k'}, 'followers': {'href': None, 'total': 738274}, 'genres': ['cali rap', 'hip hop', 'pop rap', 'rap', 'southern hip hop', 'trap'], 'href': 'https://api.spotify.com/v1/artists/0YinUQ50QDB7ZxSCLyQ40k', 'id': '0YinUQ50QDB7ZxSCLyQ40k', 'images': [{'height': 640, 'url': 'https://i.scdn.co/image/4dcf713a3bc309590381ecf718be7d5b1b8f0f61', 'width': 640}, {'height': 320, 'url': 'https://i.scdn.co/image/f1f97ee839676c3ed7e8188e08a3bcff491be24d', 'width': 320}, {'height': 160, 'url': 'https://i.scdn.co/image/4daa358232eccceddb13ad6f01d394c407f5e668', 'width': 160}], 'name': 'Mustard', 'popularity': 82, 'type': 'artist', 'uri': 'spotify:artist:0YinUQ50QDB7ZxSCLyQ40k'}","['cali rap', 'hip hop', 'pop rap', 'rap', 'southern hip hop', 'trap']",82,738274
Milky Chance,1hzfo8twXdOegF3xireCYs,"{'external_urls': {'spotify': 'https://open.spotify.com/artist/1hzfo8twXdOegF3xireCYs'}, 'followers': {'href': None, 'total': 1382526}, 'genres': ['german pop'], 'href': 'https://api.spotify.com/v1/artists/1hzfo8twXdOegF3xireCYs', 'id': '1hzfo8twXdOegF3xireCYs', 'images': [{'height': 640, 'url': 'https://i.scdn.co/image/a2a8efafec6cc807b8bafc1e71ab27214551c850', 'width': 640}, {'height': 320, 'url': 'https://i.scdn.co/image/e4cee4ac66c4d3f5c3b38e1b1963e551602a8fb0', 'width': 320}, {'height': 160, 'url': 'https://i.scdn.co/image/28376531f92f9a4a18298a23f540fc65399fc8ed', 'width': 160}], 'name': 'Milky Chance', 'popularity': 76, 'type': 'artist', 'uri': 'spotify:artist:1hzfo8twXdOegF3xireCYs'}",['german pop'],76,1382526
BROCKHAMPTON,1Bl6wpkWCQ4KVgnASpvzzA,"{'external_urls': {'spotify': 'https://open.spotify.com/artist/1Bl6wpkWCQ4KVgnASpvzzA'}, 'followers': {'href': None, 'total': 1569443}, 'genres': ['boy band', 'hip hop', 'rap'], 'href': 'https://api.spotify.com/v1/artists/1Bl6wpkWCQ4KVgnASpvzzA', 'id': '1Bl6wpkWCQ4KVgnASpvzzA', 'images': [{'height': 640, 'url': 'https://i.scdn.co/image/c5d8db5b41cdf04a63ab8dc30c4f92a9b9005263', 'width': 640}, {'height': 320, 'url': 'https://i.scdn.co/image/b6ea4e1aab4572b8415a78ef703c106b6d20b47e', 'width': 320}, {'height': 160, 'url': 'https://i.scdn.co/image/6f2b36cd3bdfde856ab93eb242847cac37fefed7', 'width': 160}], 'name': 'BROCKHAMPTON', 'popularity': 79, 'type': 'artist', 'uri': 'spotify:artist:1Bl6wpkWCQ4KVgnASpvzzA'}","['boy band', 'hip hop', 'rap']",79,1569443
TELYKast,7vWC03wqXwUqjPON8hc1tz,"{'external_urls': {'spotify': 'https://open.spotify.com/artist/7vWC03wqXwUqjPON8hc1tz'}, 'followers': {'href': None, 'total': 17567}, 'genres': ['pop edm'], 'href': 'https://api.spotify.com/v1/artists/7vWC03wqXwUqjPON8hc1tz', 'id': '7vWC03wqXwUqjPON8hc1tz', 'images': [{'height': 640, 'url': 'https://i.scdn.co/image/1f1a569e5d0218b99bc70ac9c7251868d2254f2e', 'width': 640}, {'height': 320, 'url': 'https://i.scdn.co/image/4b4c857b3398b185222c7bc294a9667635035bac', 'width': 320}, {'height': 160, 'url': 'https://i.scdn.co/image/b995c59d6c5ea70edaf2b32ed84ac843c90665d3', 'width': 160}], 'name': 'TELYKast', 'popularity': 54, 'type': 'artist', 'uri': 'spotify:artist:7vWC03wqXwUqjPON8hc1tz'}",['pop edm'],54,17567
One True God,35Of0m0cvpLYrmQ6qd5ocp,"{'external_urls': {'spotify': 'https://open.spotify.com/artist/35Of0m0cvpLYrmQ6qd5ocp'}, 'followers': {'href': None, 'total': 9252}, 'genres': ['experimental bass'], 'href': 'https://api.spotify.com/v1/artists/35Of0m0cvpLYrmQ6qd5ocp', 'id': '35Of0m0cvpLYrmQ6qd5ocp', 'images': [{'height': 640, 'url': 'https://i.scdn.co/image/9ef1a63af0382c5239a14e94c956c2995ff3dae8', 'width': 640}, {'height': 320, 'url': 'https://i.scdn.co/image/9ea41147fc77db49fadf56e2823850b9e851c693', 'width': 320}, {'height': 160, 'url': 'https://i.scdn.co/image/ba7bf7000d345a458368b1e5887bc5cf7020aec5', 'width': 160}], 'name': 'One True God', 'popularity': 49, 'type': 'artist', 'uri': 'spotify:artist:35Of0m0cvpLYrmQ6qd5ocp'}",['experimental bass'],49,9252
Kina,4qIVPF0s71ZYW3qzhu5GkF,"{'external_urls': {'spotify': 'https://open.spotify.com/artist/4qIVPF0s71ZYW3qzhu5GkF'}, 'followers': {'href': None, 'total': 491702}, 'genres': ['pop', 'sad rap'], 'href': 'https://api.spotify.com/v1/artists/4qIVPF0s71ZYW3qzhu5GkF', 'id': '4qIVPF0s71ZYW3qzhu5GkF', 'images': [{'height': 640, 'url': 'https://i.scdn.co/image/b94b31a2fa825319d0f9ef1812b6ec2163add35e', 'width': 640}, {'height': 320, 'url': 'https://i.scdn.co/image/e24ee03642ab71eac9aa9bf090b5a5559dc61953', 'width': 320}, {'height': 160, 'url': 'https://i.scdn.co/image/5011f3f74f3ecafb973492cb2741d08c6caebb64', 'width': 160}], 'name': 'Kina', 'popularity': 78, 'type': 'artist', 'uri': 'spotify:artist:4qIVPF0s71ZYW3qzhu5GkF'}","['pop', 'sad rap']",78,491702
Adriana Proenza,7KHA7OOevgTDFhlym0oEyP,"{'external_urls': {'spotify': 'https://open.spotify.com/artist/7KHA7OOevgTDFhlym0oEyP'}, 'followers': {'href': None, 'total': 11653}, 'genres': ['spanish indie pop'], 'href': 'https://api.spotify.com/v1/artists/7KHA7OOevgTDFhlym0oEyP', 'id': '7KHA7OOevgTDFhlym0oEyP', 'images': [{'height': 640, 'url': 'https://i.scdn.co/image/eb4dd28b4a0ac22a265574b278d8f721ccda4c9e', 'width': 640}, {'height': 320, 'url': 'https://i.scdn.co/image/4404acb26c12d849790e352a221aa616513d6ce5', 'width': 320}, {'height': 160, 'url': 'https://i.scdn.co/image/4c1332af05a9420970c9636f1572bdb3e978b6e1', 'width': 160}], 'name': 'Adriana Proenza', 'popularity': 70, 'type': 'artist', 'uri': 'spotify:artist:7KHA7OOevgTDFhlym0oEyP'}",['spanish indie pop'],70,11653
Low E,2Xz23vUQqZwpOaUac3A8kf,"{'external_urls': {'spotify': 'https://open.spotify.com/artist/2Xz23vUQqZwpOaUac3A8kf'}, 'followers': {'href': None, 'total': 58}, 'genres': [], 'href': 'https://api.spotify.com/v1/artists/2Xz23vUQqZwpOaUac3A8kf', 'id': '2Xz23vUQqZwpOaUac3A8kf', 'images': [{'height': 640, 'url': 'https://i.scdn.co/image/baab66081bdc10c0a86b87323315de27518b4243', 'width': 640}, {'height': 320, 'url': 'https://i.scdn.co/image/261d12fdf924136ee2845bd509ed39a6c7ff3440', 'width': 320}, {'height': 160, 'url': 'https://i.scdn.co/image/a76001bea9ce6e900199809f1a1dff4045bb6024', 'width': 160}], 'name': 'Low E', 'popularity': 18, 'type': 'artist', 'uri': 'spotify:artist:2Xz23vUQqZwpOaUac3A8kf'}",[],18,58
K CAMP,5bgfj5zUoWpyeVatGDjn6H,"{'external_urls': {'spotify': 'https://open.spotify.com/artist/5bgfj5zUoWpyeVatGDjn6H'}, 'followers': {'href': None, 'total': 1192668}, 'genres': ['atl hip hop', 'hip hop', 'melodic rap', 'pop r&b', 'pop rap', 'rap', 'southern hip hop', 'trap'], 'href': 'https://api.spotify.com/v1/artists/5bgfj5zUoWpyeVatGDjn6H', 'id': '5bgfj5zUoWpyeVatGDjn6H', 'images': [{'height': 640, 'url': 'https://i.scdn.co/image/9c3a69fa2f24f98d936b9faec0b84be1aeda827e', 'width': 640}, {'height': 320, 'url': 'https://i.scdn.co/image/27396efcb37ef5d750737f4c5a32055c9df6422f', 'width': 320}, {'height': 160, 'url': 'https://i.scdn.co/image/f74fd6a2fc7268368a64e41ae2c4766070466b6c', 'width': 160}], 'name': 'K CAMP', 'popularity': 72, 'type': 'artist', 'uri': 'spotify:artist:5bgfj5zUoWpyeVatGDjn6H'}","['atl hip hop', 'hip hop', 'melodic rap', 'pop r&b', 'pop rap', 'rap', 'southern hip hop', 'trap']",72,1192668
Flume,6nxWCVXbOlEVRexSbLsTer,"{'external_urls': {'spotify': 'https://open.spotify.com/artist/6nxWCVXbOlEVRexSbLsTer'}, 'followers': {'href': None, 'total': 2063287}, 'genres': ['australian dance', 'australian electropop', 'australian indie', 'downtempo', 'edm'], 'href': 'https://api.spotify.com/v1/artists/6nxWCVXbOlEVRexSbLsTer', 'id': '6nxWCVXbOlEVRexSbLsTer', 'images': [{'height': 640, 'url': 'https://i.scdn.co/image/0436e3871c9f88b8f83559a70fd8d2f22cb3fd01', 'width': 640}, {'height': 320, 'url': 'https://i.scdn.co/image/6b58820d8b73ed2e61d27121c0802d7631414d6d', 'width': 320}, {'height': 160, 'url': 'https://i.scdn.co/image/7ac9ab91bd347f8eb5fb451be780a805624617b3', 'width': 160}], 'name': 'Flume', 'popularity': 77, 'type': 'artist', 'uri': 'spotify:artist:6nxWCVXbOlEVRexSbLsTer'}","['australian dance', 'australian electropop', 'australian indie', 'downtempo', 'edm']",77,2063287
kai,6xHUXzrfhFgnIv86EBR3Ml,"{'external_urls': {'spotify': 'https://open.spotify.com/artist/6xHUXzrfhFgnIv86EBR3Ml'}, 'followers': {'href': None, 'total': 19125}, 'genres': [], 'href': 'https://api.spotify.com/v1/artists/6xHUXzrfhFgnIv86EBR3Ml', 'id': '6xHUXzrfhFgnIv86EBR3Ml', 'images': [{'height': 640, 'url': 'https://i.scdn.co/image/c8bd0b542b0583663c0f4dd2f3b06f4e73f6d8df', 'width': 640}, {'height': 320, 'url': 'https://i.scdn.co/image/c27b9ac1bd0b3d863a3d3ada24e6627f86258955', 'width': 320}, {'height': 160, 'url': 'https://i.scdn.co/image/984e7ca95e3b82b3da01cea729b85384a1242cd8', 'width': 160}], 'name': 'kai', 'popularity': 64, 'type': 'artist', 'uri': 'spotify:artist:6xHUXzrfhFgnIv86EBR3Ml'}",[],64,19125
GRiZ,25oLRSUjJk4YHNUsQXk7Ut,"{'external_urls': {'spotify': 'https://open.spotify.com/artist/25oLRSUjJk4YHNUsQXk7Ut'}, 'followers': {'href': None, 'total': 302750}, 'genres': ['edm', 'electropop', 'jamtronica', 'jazztronica', 'livetronica'], 'href': 'https://api.spotify.com/v1/artists/25oLRSUjJk4YHNUsQXk7Ut', 'id': '25oLRSUjJk4YHNUsQXk7Ut', 'images': [{'height': 640, 'url': 'https://i.scdn.co/image/47303c456bd258179a83ccdd52a0ab95421f628a', 'width': 640}, {'height': 320, 'url': 'https://i.scdn.co/image/aaf49aff862a5f124bfffa78fe2c313e87042fb9', 'width': 320}, {'height': 160, 'url': 'https://i.scdn.co/image/1a54def9b5f56aad2c41dfb43d309d14030c2b4e', 'width': 160}], 'name': 'GRiZ', 'popularity': 64, 'type': 'artist', 'uri': 'spotify:artist:25oLRSUjJk4YHNUsQXk7Ut'}","['edm', 'electropop', 'jamtronica', 'jazztronica', 'livetronica']",64,302750
Subtronics,3NJ94iuAmmMjbszODYT6pO,"{'external_urls': {'spotify': 'https://open.spotify.com/artist/3NJ94iuAmmMjbszODYT6pO'}, 'followers': {'href': None, 'total': 87211}, 'genres': ['brostep', 'dubstep', 'edm', 'electro house', 'electronic trap'], 'href': 'https://api.spotify.com/v1/artists/3NJ94iuAmmMjbszODYT6pO', 'id': '3NJ94iuAmmMjbszODYT6pO', 'images': [{'height': 640, 'url': 'https://i.scdn.co/image/05e0a92649c3a5604c54e0731b89ff40dc4ef1c1', 'width': 640}, {'height': 320, 'url': 'https://i.scdn.co/image/537cfb06cb37898431e43b5f91bc32346c43d82d', 'width': 320}, {'height': 160, 'url': 'https://i.scdn.co/image/613c6d156677133e580cb11aa297fdd97f5febbf', 'width': 160}], 'name': 'Subtronics', 'popularity': 59, 'type': 'artist', 'uri': 'spotify:artist:3NJ94iuAmmMjbszODYT6pO'}","['brostep', 'dubstep', 'edm', 'electro house', 'electronic trap']",59,87211
Cosmo Sheldrake,6hV6oxGLeLFw17DGjIPkYD,"{'external_urls': {'spotify': 'https://open.spotify.com/artist/6hV6oxGLeLFw17DGjIPkYD'}, 'followers': {'href': None, 'total': 143322}, 'genres': ['uk pop'], 'href': 'https://api.spotify.com/v1/artists/6hV6oxGLeLFw17DGjIPkYD', 'id': '6hV6oxGLeLFw17DGjIPkYD', 'images': [{'height': 640, 'url': 'https://i.scdn.co/image/14c52355554a99ee4acf427c25146697623963e1', 'width': 640}, {'height': 320, 'url': 'https://i.scdn.co/image/aee8dd4220aa8e5adc0de7c952f7e93be5721f75', 'width': 320}, {'height': 160, 'url': 'https://i.scdn.co/image/7141c67e3b47c3735f2d2cdb7bbf415a590a9eeb', 'width': 160}], 'name': 'Cosmo Sheldrake', 'popularity': 61, 'type': 'artist', 'uri': 'spotify:artist:6hV6oxGLeLFw17DGjIPkYD'}",['uk pop'],61,143322
iLL Wayno,0JBoAOvXNu0zco9DPeg9KD,"{'external_urls': {'spotify': 'https://open.spotify.com/artist/0JBoAOvXNu0zco9DPeg9KD'}, 'followers': {'href': None, 'total': 1578}, 'genres': ['viral rap'], 'href': 'https://api.spotify.com/v1/artists/0JBoAOvXNu0zco9DPeg9KD', 'id': '0JBoAOvXNu0zco9DPeg9KD', 'images': [{'height': 640, 'url': 'https://i.scdn.co/image/4c985ea2297b4b8fe943fb0d2d02d56bfd397e34', 'width': 640}, {'height': 320, 'url': 'https://i.scdn.co/image/2aae95db7d2d85082bf354470ea6cb9653cc56f0', 'width': 320}, {'height': 160, 'url': 'https://i.scdn.co/image/9325a6f75e65bf37f70d2da978246fce71b96b68', 'width': 160}], 'name': 'iLL Wayno', 'popularity': 47, 'type': 'artist', 'uri': 'spotify:artist:0JBoAOvXNu0zco9DPeg9KD'}",['viral rap'],47,1578
Holla FyeSixWun,2SGs0NLDtDQaHhNiSeriwc,"{'external_urls': {'spotify': 'https://open.spotify.com/artist/2SGs0NLDtDQaHhNiSeriwc'}, 'followers': {'href': None, 'total': 476}, 'genres': [], 'href': 'https://api.spotify.com/v1/artists/2SGs0NLDtDQaHhNiSeriwc', 'id': '2SGs0NLDtDQaHhNiSeriwc', 'images': [{'height': 640, 'url': 'https://i.scdn.co/image/0033cab71e92e875a33938b2519a60510eaef6f2', 'width': 640}, {'height': 320, 'url': 'https://i.scdn.co/image/f2acd331e754c633ad7cbc08ede4dc32e1c7dd48', 'width': 320}, {'height': 160, 'url': 'https://i.scdn.co/image/f1065038fb6817f87020470d585d7963fc48deb7', 'width': 160}], 'name': 'Holla FyeSixWun', 'popularity': 47, 'type': 'artist', 'uri': 'spotify:artist:2SGs0NLDtDQaHhNiSeriwc'}",[],47,476
Ellie Goulding,0X2BH1fck6amBIoJhDVmmJ,"{'external_urls': {'spotify': 'https://open.spotify.com/artist/0X2BH1fck6amBIoJhDVmmJ'}, 'followers': {'href': None, 'total': 8395458}, 'genres': ['dance pop', 'indietronica', 'metropopolis', 'pop', 'post-teen pop', 'uk pop'], 'href': 'https://api.spotify.com/v1/artists/0X2BH1fck6amBIoJhDVmmJ', 'id': '0X2BH1fck6amBIoJhDVmmJ', 'images': [{'height': 640, 'url': 'https://i.scdn.co/image/fdc30f0bdec92a3821fb0dde9a69dd0b8de9275a', 'width': 640}, {'height': 320, 'url': 'https://i.scdn.co/image/bf66cc87cf8183d3992caf309d92857e84d686de', 'width': 320}, {'height': 160, 'url': 'https://i.scdn.co/image/df65ab04b313b32d8ba364dfd758418c51a4fb8c', 'width': 160}], 'name': 'Ellie Goulding', 'popularity': 84, 'type': 'artist', 'uri': 'spotify:artist:0X2BH1fck6amBIoJhDVmmJ'}","['dance pop', 'indietronica', 'metropopolis', 'pop', 'post-teen pop', 'uk pop']",84,8395458
Juice WRLD,4MCBfE4596Uoi2O4DtmEMz,"{'external_urls': {'spotify': 'https://open.spotify.com/artist/4MCBfE4596Uoi2O4DtmEMz'}, 'followers': {'href': None, 'total': 12146263}, 'genres': ['chicago rap', 'melodic rap'], 'href': 'https://api.spotify.com/v1/artists/4MCBfE4596Uoi2O4DtmEMz', 'id': '4MCBfE4596Uoi2O4DtmEMz', 'images': [{'height': 640, 'url': 'https://i.scdn.co/image/d8e62447a338a882b490460da20e90aac6d60ae7', 'width': 640}, {'height': 320, 'url': 'https://i.scdn.co/image/f356b341ebf9094c19d8f67f8bcb2dfe3ae9cdcf', 'width': 320}, {'height': 160, 'url': 'https://i.scdn.co/image/cdc83cb2d6bb6be1983aec3db35431a91248a220', 'width': 160}], 'name': 'Juice WRLD', 'popularity': 100, 'type': 'artist', 'uri': 'spotify:artist:4MCBfE4596Uoi2O4DtmEMz'}","['chicago rap', 'melodic rap']",100,12146263
YNW Melly,1cNDP5yjU5vjeR8qMf4grg,"{'external_urls': {'spotify': 'https://open.spotify.com/artist/1cNDP5yjU5vjeR8qMf4grg'}, 'followers': {'href': None, 'total': 4564164}, 'genres': ['melodic rap', 'rap'], 'href': 'https://api.spotify.com/v1/artists/1cNDP5yjU5vjeR8qMf4grg', 'id': '1cNDP5yjU5vjeR8qMf4grg', 'images': [{'height': 640, 'url': 'https://i.scdn.co/image/030819be90d9cd2438d122215868eb46ed880ebf', 'width': 640}, {'height': 320, 'url': 'https://i.scdn.co/image/c34f23ec99b4cc2cf2b42f27041e3805b80ff94b', 'width': 320}, {'height': 160, 'url': 'https://i.scdn.co/image/13723ef6f4c3d47e21ae551be299425557aae04e', 'width': 160}], 'name': 'YNW Melly', 'popularity': 82, 'type': 'artist', 'uri': 'spotify:artist:1cNDP5yjU5vjeR8qMf4grg'}","['melodic rap', 'rap']",82,4564164
9lokknine,0ceH34CATvfgphxnLRWFkm,"{'external_urls': {'spotify': 'https://open.spotify.com/artist/0ceH34CATvfgphxnLRWFkm'}, 'followers': {'href': None, 'total': 199671}, 'genres': ['florida rap', 'vapor trap'], 'href': 'https://api.spotify.com/v1/artists/0ceH34CATvfgphxnLRWFkm', 'id': '0ceH34CATvfgphxnLRWFkm', 'images': [{'height': 640, 'url': 'https://i.scdn.co/image/14a9c80d3b4a9d7717e45ca1294ea61033bb73a2', 'width': 640}, {'height': 320, 'url': 'https://i.scdn.co/image/9393bf2405c5d6b32a335fc52f4e1fddd7db1dca', 'width': 320}, {'height': 160, 'url': 'https://i.scdn.co/image/5af4938f6f87c13254e04bca5ae75c3fb0303d09', 'width': 160}], 'name': '9lokknine', 'popularity': 67, 'type': 'artist', 'uri': 'spotify:artist:0ceH34CATvfgphxnLRWFkm'}","['florida rap', 'vapor trap']",67,199671
V.I.C.,49mHZzhcsoQB1JXWv8Q9gU,"{'external_urls': {'spotify': 'https://open.spotify.com/artist/49mHZzhcsoQB1JXWv8Q9gU'}, 'followers': {'href': None, 'total': 103098}, 'genres': ['atl hip hop', 'pop rap', 'southern hip hop'], 'href': 'https://api.spotify.com/v1/artists/49mHZzhcsoQB1JXWv8Q9gU', 'id': '49mHZzhcsoQB1JXWv8Q9gU', 'images': [{'height': 640, 'url': 'https://i.scdn.co/image/d504ae58617afd491c5f12dbff8dee5b591bb120', 'width': 640}, {'height': 320, 'url': 'https://i.scdn.co/image/ab599ae3bbbd6f04346a74e82f93acf27c0820e7', 'width': 320}, {'height': 160, 'url': 'https://i.scdn.co/image/18af7276438c430a8b8dc221e556ce8ed9ab143f', 'width': 160}], 'name': 'V.I.C.', 'popularity': 51, 'type': 'artist', 'uri': 'spotify:artist:49mHZzhcsoQB1JXWv8Q9gU'}","['atl hip hop', 'pop rap', 'southern hip hop']",51,103098
fun.,5nCi3BB41mBaMH9gfr6Su0,"{'external_urls': {'spotify': 'https://open.spotify.com/artist/5nCi3BB41mBaMH9gfr6Su0'}, 'followers': {'href': None, 'total': 3394746}, 'genres': ['baroque pop', 'metropopolis', 'modern rock', 'pop', 'pop rock'], 'href': 'https://api.spotify.com/v1/artists/5nCi3BB41mBaMH9gfr6Su0', 'id': '5nCi3BB41mBaMH9gfr6Su0', 'images': [{'height': 563, 'url': 'https://i.scdn.co/image/37bc85c957e17d3463ae40da1c8ade6bb5ecd546', 'width': 1000}, {'height': 360, 'url': 'https://i.scdn.co/image/876de0e2ae7910ee6ad6b3dee6e1408e8d83a207', 'width': 640}, {'height': 113, 'url': 'https://i.scdn.co/image/25eee8e9db00a929448c32f67c7e158b53488979', 'width': 200}, {'height': 36, 'url': 'https://i.scdn.co/image/3b24a69ed9c20a9a899d328b7aefc3750e4c712f', 'width': 64}], 'name': 'fun.', 'popularity': 72, 'type': 'artist', 'uri': 'spotify:artist:5nCi3BB41mBaMH9gfr6Su0'}","['baroque pop', 'metropopolis', 'modern rock', 'pop', 'pop rock']",72,3394746
Janelle Monáe,6ueGR6SWhUJfvEhqkvMsVs,"{'external_urls': {'spotify': 'https://open.spotify.com/artist/6ueGR6SWhUJfvEhqkvMsVs'}, 'followers': {'href': None, 'total': 960279}, 'genres': ['afrofuturism', 'alternative r&b', 'art pop', 'atl hip hop', 'dance pop', 'electropop', 'escape room', 'neo soul', 'pop', 'r&b'], 'href': 'https://api.spotify.com/v1/artists/6ueGR6SWhUJfvEhqkvMsVs', 'id': '6ueGR6SWhUJfvEhqkvMsVs', 'images': [{'height': 640, 'url': 'https://i.scdn.co/image/8198af7a1f67674ff31260e4d61b02a6ae0de2cc', 'width': 640}, {'height': 320, 'url': 'https://i.scdn.co/image/e647e49b8ca09d751b7c63acd4c50ef28b0367f0', 'width': 320}, {'height': 160, 'url': 'https://i.scdn.co/image/39fe588a579cedbaaf4ca85fed2ffb592eea4bff', 'width': 160}], 'name': 'Janelle Monáe', 'popularity': 72, 'type': 'artist', 'uri': 'spotify:artist:6ueGR6SWhUJfvEhqkvMsVs'}","['afrofuturism', 'alternative r&b', 'art pop', 'atl hip hop', 'dance pop', 'electropop', 'escape room', 'neo soul', 'pop', 'r&b']",72,960279
Regard,4ofCBoyEiGSePFAG500xev,"{'external_urls': {'spotify': 'https://open.spotify.com/artist/4ofCBoyEiGSePFAG500xev'}, 'followers': {'href': None, 'total': 96758}, 'genres': ['edm', 'pop', 'pop edm', 'tropical house'], 'href': 'https://api.spotify.com/v1/artists/4ofCBoyEiGSePFAG500xev', 'id': '4ofCBoyEiGSePFAG500xev', 'images': [{'height': 640, 'url': 'https://i.scdn.co/image/1bebc8be13032082fed628c8d71ae97f365fc135', 'width': 640}, {'height': 320, 'url': 'https://i.scdn.co/image/506a14ad0747fb622d20b789114b55202ad14857', 'width': 320}, {'height': 160, 'url': 'https://i.scdn.co/image/89192a6bec9a709c405d4b249e7a20fd18f2410b', 'width': 160}], 'name': 'Regard', 'popularity': 82, 'type': 'artist', 'uri': 'spotify:artist:4ofCBoyEiGSePFAG500xev'}","['edm', 'pop', 'pop edm', 'tropical house']",82,96758
Stunna Girl,4eEkR7IDAXyGngHvnJZpdV,"{'external_urls': {'spotify': 'https://open.spotify.com/artist/4eEkR7IDAXyGngHvnJZpdV'}, 'followers': {'href': None, 'total': 20424}, 'genres': ['cali rap', 'sacramento hip hop', 'trap queen'], 'href': 'https://api.spotify.com/v1/artists/4eEkR7IDAXyGngHvnJZpdV', 'id': '4eEkR7IDAXyGngHvnJZpdV', 'images': [{'height': 640, 'url': 'https://i.scdn.co/image/ead0de1de19fc8d81c4042331e17a29c50478f24', 'width': 640}, {'height': 320, 'url': 'https://i.scdn.co/image/d39742ccb7efb2ca9dc1fdd9be255bfb49390c6d', 'width': 320}, {'height': 160, 'url': 'https://i.scdn.co/image/103aa973d783f46097d3668d91489074c5480083', 'width': 160}], 'name': 'Stunna Girl', 'popularity': 50, 'type': 'artist', 'uri': 'spotify:artist:4eEkR7IDAXyGngHvnJZpdV'}","['cali rap', 'sacramento hip hop', 'trap queen']",50,20424
TOKYO’S REVENGE,5TbLOwv8BNnik3f03NZJlt,"{'external_urls': {'spotify': 'https://open.spotify.com/artist/5TbLOwv8BNnik3f03NZJlt'}, 'followers': {'href': None, 'total': 165822}, 'genres': ['meme rap', 'underground hip hop', 'vapor trap', 'viral rap'], 'href': 'https://api.spotify.com/v1/artists/5TbLOwv8BNnik3f03NZJlt', 'id': '5TbLOwv8BNnik3f03NZJlt', 'images': [{'height': 640, 'url': 'https://i.scdn.co/image/1497aefa7402269619703104532f0e6bf95d1767', 'width': 640}, {'height': 320, 'url': 'https://i.scdn.co/image/0ec802c67390f130d4eb89e7ac9905a33d161f05', 'width': 320}, {'height': 160, 'url': 'https://i.scdn.co/image/d177c38b0c967357efada878358376afce473279', 'width': 160}], 'name': 'TOKYO’S REVENGE', 'popularity': 70, 'type': 'artist', 'uri': 'spotify:artist:5TbLOwv8BNnik3f03NZJlt'}","['meme rap', 'underground hip hop', 'vapor trap', 'viral rap']",70,165822
KYLE,4qBgvVog0wzW75IQ48mU7v,"{'external_urls': {'spotify': 'https://open.spotify.com/artist/4qBgvVog0wzW75IQ48mU7v'}, 'followers': {'href': None, 'total': 919311}, 'genres': ['pop', 'pop rap', 'rap'], 'href': 'https://api.spotify.com/v1/artists/4qBgvVog0wzW75IQ48mU7v', 'id': '4qBgvVog0wzW75IQ48mU7v', 'images': [{'height': 640, 'url': 'https://i.scdn.co/image/09b2ac3797fd2181917f20871ff396c441603312', 'width': 640}, {'height': 320, 'url': 'https://i.scdn.co/image/e8284ffbfad481af65e19d6f0af29399527967cd', 'width': 320}, {'height': 160, 'url': 'https://i.scdn.co/image/499931aba9d4d341d2cbf7f18120829622c4464f', 'width': 160}], 'name': 'KYLE', 'popularity': 76, 'type': 'artist', 'uri': 'spotify:artist:4qBgvVog0wzW75IQ48mU7v'}","['pop', 'pop rap', 'rap']",76,919311
Lil Yachty,6icQOAFXDZKsumw3YXyusw,"{'external_urls': {'spotify': 'https://open.spotify.com/artist/6icQOAFXDZKsumw3YXyusw'}, 'followers': {'href': None, 'total': 6519916}, 'genres': ['atl hip hop', 'hip hop', 'melodic rap', 'rap', 'southern hip hop', 'trap', 'underground hip hop'], 'href': 'https://api.spotify.com/v1/artists/6icQOAFXDZKsumw3YXyusw', 'id': '6icQOAFXDZKsumw3YXyusw', 'images': [{'height': 640, 'url': 'https://i.scdn.co/image/e5271c94202acebab521f1977757eae5cafc2a9b', 'width': 640}, {'height': 320, 'url': 'https://i.scdn.co/image/c23807bb829db2cb959d544139c28df39ec99d37', 'width': 320}, {'height': 160, 'url': 'https://i.scdn.co/image/95dc5c7d46607fcfb6cad21311b5240d73034f11', 'width': 160}], 'name': 'Lil Yachty', 'popularity': 83, 'type': 'artist', 'uri': 'spotify:artist:6icQOAFXDZKsumw3YXyusw'}","['atl hip hop', 'hip hop', 'melodic rap', 'rap', 'southern hip hop', 'trap', 'underground hip hop']",83,6519916
Mariah Carey,4iHNK0tOyZPYnBU7nGAgpQ,"{'external_urls': {'spotify': 'https://open.spotify.com/artist/4iHNK0tOyZPYnBU7nGAgpQ'}, 'followers': {'href': None, 'total': 5890315}, 'genres': ['dance pop', 'pop', 'r&b', 'urban contemporary'], 'href': 'https://api.spotify.com/v1/artists/4iHNK0tOyZPYnBU7nGAgpQ', 'id': '4iHNK0tOyZPYnBU7nGAgpQ', 'images': [{'height': 640, 'url': 'https://i.scdn.co/image/97bace7120eaf0928d02a348e452036c84f0d751', 'width': 640}, {'height': 320, 'url': 'https://i.scdn.co/image/9b634d6bae5283f560512d7c5318807c18ee5200', 'width': 320}, {'height': 160, 'url': 'https://i.scdn.co/image/23f4c888a316e269e3df53cfd6a286a23d828f8f', 'width': 160}], 'name': 'Mariah Carey', 'popularity': 80, 'type': 'artist', 'uri': 'spotify:artist:4iHNK0tOyZPYnBU7nGAgpQ'}","['dance pop', 'pop', 'r&b', 'urban contemporary']",80,5890315
Vampire Weekend,5BvJzeQpmsdsFp4HGUYUEx,"{'external_urls': {'spotify': 'https://open.spotify.com/artist/5BvJzeQpmsdsFp4HGUYUEx'}, 'followers': {'href': None, 'total': 1608926}, 'genres': ['baroque pop', 'indie pop', 'indie rock', 'modern rock', 'rock'], 'href': 'https://api.spotify.com/v1/artists/5BvJzeQpmsdsFp4HGUYUEx', 'id': '5BvJzeQpmsdsFp4HGUYUEx', 'images': [{'height': 640, 'url': 'https://i.scdn.co/image/5390ca6bd240b2a15b71868d1d105c3d6a7a7b17', 'width': 640}, {'height': 320, 'url': 'https://i.scdn.co/image/6681f4512136c9634c8c32ab84049ac338b56ba2', 'width': 320}, {'height': 160, 'url': 'https://i.scdn.co/image/0f4772527e1b5d3f04495e20fd1f9899a0a98d88', 'width': 160}], 'name': 'Vampire Weekend', 'popularity': 72, 'type': 'artist', 'uri': 'spotify:artist:5BvJzeQpmsdsFp4HGUYUEx'}","['baroque pop', 'indie pop', 'indie rock', 'modern rock', 'rock']",72,1608926
Blanco Brown,3yzRiNMZdTsSUgplcyYZ4i,"{'external_urls': {'spotify': 'https://open.spotify.com/artist/3yzRiNMZdTsSUgplcyYZ4i'}, 'followers': {'href': None, 'total': 107975}, 'genres': ['country rap'], 'href': 'https://api.spotify.com/v1/artists/3yzRiNMZdTsSUgplcyYZ4i', 'id': '3yzRiNMZdTsSUgplcyYZ4i', 'images': [{'height': 640, 'url': 'https://i.scdn.co/image/e91f74c961a8305b1cc050c0bfd7b242c61d9954', 'width': 640}, {'height': 320, 'url': 'https://i.scdn.co/image/4fa74871624b04f6e67a43010a8d1d606027bba1', 'width': 320}, {'height': 160, 'url': 'https://i.scdn.co/image/6ba530a00767b7da8fdd30f5d04298fb593cf5d5', 'width': 160}], 'name': 'Blanco Brown', 'popularity': 68, 'type': 'artist', 'uri': 'spotify:artist:3yzRiNMZdTsSUgplcyYZ4i'}",['country rap'],68,107975
Vinny West,08jCyIC4E6iQjr4nrd1yDA,"{'external_urls': {'spotify': 'https://open.spotify.com/artist/08jCyIC4E6iQjr4nrd1yDA'}, 'followers': {'href': None, 'total': 25131}, 'genres': ['cali rap'], 'href': 'https://api.spotify.com/v1/artists/08jCyIC4E6iQjr4nrd1yDA', 'id': '08jCyIC4E6iQjr4nrd1yDA', 'images': [{'height': 640, 'url': 'https://i.scdn.co/image/ab67616d0000b273284f048da5222701b59b9eac', 'width': 640}, {'height': 300, 'url': 'https://i.scdn.co/image/ab67616d00001e02284f048da5222701b59b9eac', 'width': 300}, {'height': 64, 'url': 'https://i.scdn.co/image/ab67616d00004851284f048da5222701b59b9eac', 'width': 64}], 'name': 'Vinny West', 'popularity': 49, 'type': 'artist', 'uri': 'spotify:artist:08jCyIC4E6iQjr4nrd1yDA'}",['cali rap'],49,25131
SALES,6vVztIuqdDHvYWxOEXCzjN,"{'external_urls': {'spotify': 'https://open.spotify.com/artist/6vVztIuqdDHvYWxOEXCzjN'}, 'followers': {'href': None, 'total': 299158}, 'genres': ['orlando indie'], 'href': 'https://api.spotify.com/v1/artists/6vVztIuqdDHvYWxOEXCzjN', 'id': '6vVztIuqdDHvYWxOEXCzjN', 'images': [{'height': 640, 'url': 'https://i.scdn.co/image/0289600bd0033049a62d77f2fe722b7aec12b315', 'width': 640}, {'height': 320, 'url': 'https://i.scdn.co/image/b744fb42da5205a92fad0b94d8fcd5a70a753c80', 'width': 320}, {'height': 160, 'url': 'https://i.scdn.co/image/a518922708f62bc05e926fb35a86f44c066d1e44', 'width': 160}], 'name': 'SALES', 'popularity': 70, 'type': 'artist', 'uri': 'spotify:artist:6vVztIuqdDHvYWxOEXCzjN'}",['orlando indie'],70,299158
Surfaces,4ETSs924pXMzjIeD6E9b4u,"{'external_urls': {'spotify': 'https://open.spotify.com/artist/4ETSs924pXMzjIeD6E9b4u'}, 'followers': {'href': None, 'total': 550536}, 'genres': ['bedroom soul', 'pop'], 'href': 'https://api.spotify.com/v1/artists/4ETSs924pXMzjIeD6E9b4u', 'id': '4ETSs924pXMzjIeD6E9b4u', 'images': [{'height': 640, 'url': 'https://i.scdn.co/image/0d125e224948b5e4716239384839230205832084', 'width': 640}, {'height': 320, 'url': 'https://i.scdn.co/image/ee52cbc6158619a83263fc5d929d9a6cff85d2c9', 'width': 320}, {'height': 160, 'url': 'https://i.scdn.co/image/402aa646755383e21a3b0118b6591dfde7bbd88f', 'width': 160}], 'name': 'Surfaces', 'popularity': 79, 'type': 'artist', 'uri': 'spotify:artist:4ETSs924pXMzjIeD6E9b4u'}","['bedroom soul', 'pop']",79,550536
PUBLIC,4vxaQs6vK54nK89J1VtLex,"{'external_urls': {'spotify': 'https://open.spotify.com/artist/4vxaQs6vK54nK89J1VtLex'}, 'followers': {'href': None, 'total': 112978}, 'genres': ['indie rockism'], 'href': 'https://api.spotify.com/v1/artists/4vxaQs6vK54nK89J1VtLex', 'id': '4vxaQs6vK54nK89J1VtLex', 'images': [{'height': 640, 'url': 'https://i.scdn.co/image/a2ec0f436940a87c6a5b162ec7ef1634700ca154', 'width': 640}, {'height': 320, 'url': 'https://i.scdn.co/image/fa981ad6b295880c374abe64c787d65403a5c650', 'width': 320}, {'height': 160, 'url': 'https://i.scdn.co/image/5fb8e37639e83b327c0af527b75a0b618ede1446', 'width': 160}], 'name': 'PUBLIC', 'popularity': 71, 'type': 'artist', 'uri': 'spotify:artist:4vxaQs6vK54nK89J1VtLex'}",['indie rockism'],71,112978
Becky G,4obzFoKoKRHIphyHzJ35G3,"{'external_urls': {'spotify': 'https://open.spotify.com/artist/4obzFoKoKRHIphyHzJ35G3'}, 'followers': {'href': None, 'total': 9056109}, 'genres': ['dance pop', 'latin', 'latin pop', 'latin viral pop', 'pop', 'post-teen pop', 'rap latina', 'reggaeton'], 'href': 'https://api.spotify.com/v1/artists/4obzFoKoKRHIphyHzJ35G3', 'id': '4obzFoKoKRHIphyHzJ35G3', 'images': [{'height': 640, 'url': 'https://i.scdn.co/image/9f0ed003e9bd03395d16fda314c83b74a78f2dd9', 'width': 640}, {'height': 320, 'url': 'https://i.scdn.co/image/b321a974d80caa33f5d744c44587a5a780a28586', 'width': 320}, {'height': 160, 'url': 'https://i.scdn.co/image/ce6b17723f5951ac5533219b9793a1d41e66aaef', 'width': 160}], 'name': 'Becky G', 'popularity': 82, 'type': 'artist', 'uri': 'spotify:artist:4obzFoKoKRHIphyHzJ35G3'}","['dance pop', 'latin', 'latin pop', 'latin viral pop', 'pop', 'post-teen pop', 'rap latina', 'reggaeton']",82,9056109
Digital Farm Animals,5fyDppLDl1juIu1BcUT5zh,"{'external_urls': {'spotify': 'https://open.spotify.com/artist/5fyDppLDl1juIu1BcUT5zh'}, 'followers': {'href': None, 'total': 42281}, 'genres': ['uk dance'], 'href': 'https://api.spotify.com/v1/artists/5fyDppLDl1juIu1BcUT5zh', 'id': '5fyDppLDl1juIu1BcUT5zh', 'images': [{'height': 640, 'url': 'https://i.scdn.co/image/3689148ac24e7be8fd35a9157bf3ef6d13774a21', 'width': 640}, {'height': 320, 'url': 'https://i.scdn.co/image/7567614dcdf08802adedb0042c74a318317f5973', 'width': 320}, {'height': 160, 'url': 'https://i.scdn.co/image/e1c10a615c5874d1e142763f7f9bd74af2ab6282', 'width': 160}], 'name': 'Digital Farm Animals', 'popularity': 70, 'type': 'artist', 'uri': 'spotify:artist:5fyDppLDl1juIu1BcUT5zh'}",['uk dance'],70,42281
Rvssian,1fctva4kpRbg2k3v7kwRuS,"{'external_urls': {'spotify': 'https://open.spotify.com/artist/1fctva4kpRbg2k3v7kwRuS'}, 'followers': {'href': None, 'total': 1035684}, 'genres': ['latin', 'latin hip hop', 'reggaeton', 'reggaeton flow', 'trap latino', 'tropical'], 'href': 'https://api.spotify.com/v1/artists/1fctva4kpRbg2k3v7kwRuS', 'id': '1fctva4kpRbg2k3v7kwRuS', 'images': [{'height': 640, 'url': 'https://i.scdn.co/image/81fefa51da248d7b46a6c47acdb81a01d24189e9', 'width': 640}, {'height': 320, 'url': 'https://i.scdn.co/image/2e867dd4419f223446937f5d41d7a87591c3c2b5', 'width': 320}, {'height': 160, 'url': 'https://i.scdn.co/image/ec4514c5e1950c9d3ef111e10ad6c0eeb9cb3192', 'width': 160}], 'name': 'Rvssian', 'popularity': 73, 'type': 'artist', 'uri': 'spotify:artist:1fctva4kpRbg2k3v7kwRuS'}","['latin', 'latin hip hop', 'reggaeton', 'reggaeton flow', 'trap latino', 'tropical']",73,1035684
Lil Mama,5qK5bOC6wLtuLhG5KvU17c,"{'external_urls': {'spotify': 'https://open.spotify.com/artist/5qK5bOC6wLtuLhG5KvU17c'}, 'followers': {'href': None, 'total': 56287}, 'genres': ['hip pop', 'pop rap', 'trap queen'], 'href': 'https://api.spotify.com/v1/artists/5qK5bOC6wLtuLhG5KvU17c', 'id': '5qK5bOC6wLtuLhG5KvU17c', 'images': [{'height': 640, 'url': 'https://i.scdn.co/image/f3534d4ec680308a8b22900f594843023e0670d2', 'width': 640}, {'height': 320, 'url': 'https://i.scdn.co/image/b19afa04845b3beb49c7b08eae5c4763b1c1f379', 'width': 320}, {'height': 160, 'url': 'https://i.scdn.co/image/f82c4866c7ca9ba735ff45e6d14913f5437e27c5', 'width': 160}], 'name': 'Lil Mama', 'popularity': 52, 'type': 'artist', 'uri': 'spotify:artist:5qK5bOC6wLtuLhG5KvU17c'}","['hip pop', 'pop rap', 'trap queen']",52,56287
Tiagz,4DMkrFIqGXLycc4YLYTn1i,"{'external_urls': {'spotify': 'https://open.spotify.com/artist/4DMkrFIqGXLycc4YLYTn1i'}, 'followers': {'href': None, 'total': 118782}, 'genres': ['ottawa rap', 'viral rap'], 'href': 'https://api.spotify.com/v1/artists/4DMkrFIqGXLycc4YLYTn1i', 'id': '4DMkrFIqGXLycc4YLYTn1i', 'images': [{'height': 640, 'url': 'https://i.scdn.co/image/e9f50e5d11d6c9de5f34c507be1ccaab3713d113', 'width': 640}, {'height': 320, 'url': 'https://i.scdn.co/image/083fe66b0bdd51e24d9b4b57f80557ec0c65bb2f', 'width': 320}, {'height': 160, 'url': 'https://i.scdn.co/image/e6f1e5b0c291d050c5772c26138a517dcdb55943', 'width': 160}], 'name': 'Tiagz', 'popularity': 67, 'type': 'artist', 'uri': 'spotify:artist:4DMkrFIqGXLycc4YLYTn1i'}","['ottawa rap', 'viral rap']",67,118782
CG5,3YJDqtTSjydvUpTvU1fJ6O,"{'external_urls': {'spotify': 'https://open.spotify.com/artist/3YJDqtTSjydvUpTvU1fJ6O'}, 'followers': {'href': None, 'total': 141521}, 'genres': ['antiviral pop', 'otacore'], 'href': 'https://api.spotify.com/v1/artists/3YJDqtTSjydvUpTvU1fJ6O', 'id': '3YJDqtTSjydvUpTvU1fJ6O', 'images': [{'height': 640, 'url': 'https://i.scdn.co/image/bc96b1c7b3ddb17a52c86aa9510300e7488e8958', 'width': 640}, {'height': 320, 'url': 'https://i.scdn.co/image/bb61792d221974016fffea76e2f3d15d93505066', 'width': 320}, {'height': 160, 'url': 'https://i.scdn.co/image/e4f607978113b61328bc3d3a2a5a3e9f48bf4ef0', 'width': 160}], 'name': 'CG5', 'popularity': 65, 'type': 'artist', 'uri': 'spotify:artist:3YJDqtTSjydvUpTvU1fJ6O'}","['antiviral pop', 'otacore']",65,141521
Or3o,3Tqz477C42DxC4UT7rk3yx,"{'external_urls': {'spotify': 'https://open.spotify.com/artist/3Tqz477C42DxC4UT7rk3yx'}, 'followers': {'href': None, 'total': 103035}, 'genres': ['otacore', 'social media pop'], 'href': 'https://api.spotify.com/v1/artists/3Tqz477C42DxC4UT7rk3yx', 'id': '3Tqz477C42DxC4UT7rk3yx', 'images': [{'height': 640, 'url': 'https://i.scdn.co/image/e8d50e0b52e7a102c1de039b3afea27713372aa6', 'width': 640}, {'height': 320, 'url': 'https://i.scdn.co/image/60a2625022f5c5c66cb33de27697a8f6fb60a9d7', 'width': 320}, {'height': 160, 'url': 'https://i.scdn.co/image/2ae5570130dd26c209677c48faa767468f09a7ad', 'width': 160}], 'name': 'Or3o', 'popularity': 62, 'type': 'artist', 'uri': 'spotify:artist:3Tqz477C42DxC4UT7rk3yx'}","['otacore', 'social media pop']",62,103035
KIIINGSAM,1PDxe3q6OQEkmB9MArLXxx,"{'external_urls': {'spotify': 'https://open.spotify.com/artist/1PDxe3q6OQEkmB9MArLXxx'}, 'followers': {'href': None, 'total': 824}, 'genres': [], 'href': 'https://api.spotify.com/v1/artists/1PDxe3q6OQEkmB9MArLXxx', 'id': '1PDxe3q6OQEkmB9MArLXxx', 'images': [{'height': 640, 'url': 'https://i.scdn.co/image/35224d243d5c4334baeec6cb66425b6343448c01', 'width': 640}, {'height': 320, 'url': 'https://i.scdn.co/image/90b93a274af3c88380c03b2d8971df977e704baf', 'width': 320}, {'height': 160, 'url': 'https://i.scdn.co/image/9edd8dd3ef289d9ab8306d1828e9ded7ab75b9c9', 'width': 160}], 'name': 'KIIINGSAM', 'popularity': 43, 'type': 'artist', 'uri': 'spotify:artist:1PDxe3q6OQEkmB9MArLXxx'}",[],43,824
Avril Lavigne,0p4nmQO2msCgU4IF37Wi3j,"{'external_urls': {'spotify': 'https://open.spotify.com/artist/0p4nmQO2msCgU4IF37Wi3j'}, 'followers': {'href': None, 'total': 6212048}, 'genres': ['canadian pop', 'candy pop', 'dance pop', 'pop', 'post-teen pop'], 'href': 'https://api.spotify.com/v1/artists/0p4nmQO2msCgU4IF37Wi3j', 'id': '0p4nmQO2msCgU4IF37Wi3j', 'images': [{'height': 640, 'url': 'https://i.scdn.co/image/035ad2a01098302eb1d195668fe153c364cb77b1', 'width': 640}, {'height': 320, 'url': 'https://i.scdn.co/image/39ce6f8ed10c2208e017e156c2886efef0084688', 'width': 320}, {'height': 160, 'url': 'https://i.scdn.co/image/b385c258e9a1a56f3a0080de66ca4c7a023b4537', 'width': 160}], 'name': 'Avril Lavigne', 'popularity': 79, 'type': 'artist', 'uri': 'spotify:artist:0p4nmQO2msCgU4IF37Wi3j'}","['canadian pop', 'candy pop', 'dance pop', 'pop', 'post-teen pop']",79,6212048
Rihanna,5pKCCKE2ajJHZ9KAiaK11H,"{'external_urls': {'spotify': 'https://open.spotify.com/artist/5pKCCKE2ajJHZ9KAiaK11H'}, 'followers': {'href': None, 'total': 39025001}, 'genres': ['barbadian pop', 'dance pop', 'pop', 'post-teen pop', 'r&b', 'urban contemporary'], 'href': 'https://api.spotify.com/v1/artists/5pKCCKE2ajJHZ9KAiaK11H', 'id': '5pKCCKE2ajJHZ9KAiaK11H', 'images': [{'height': 640, 'url': 'https://i.scdn.co/image/1fc2f537d678d701d7d143a8fd4f0c2f29fbde22', 'width': 640}, {'height': 320, 'url': 'https://i.scdn.co/image/e8a018bfd60bf25519fd4dc8ca941263afa66651', 'width': 320}, {'height': 160, 'url': 'https://i.scdn.co/image/9dfb8baea10b330f5400922ec4d40d01922e805b', 'width': 160}], 'name': 'Rihanna', 'popularity': 91, 'type': 'artist', 'uri': 'spotify:artist:5pKCCKE2ajJHZ9KAiaK11H'}","['barbadian pop', 'dance pop', 'pop', 'post-teen pop', 'r&b', 'urban contemporary']",91,39025001
Machine Gun Kelly,6TIYQ3jFPwQSRmorSezPxX,"{'external_urls': {'spotify': 'https://open.spotify.com/artist/6TIYQ3jFPwQSRmorSezPxX'}, 'followers': {'href': None, 'total': 2454191}, 'genres': ['ohio hip hop', 'pop rap', 'rap'], 'href': 'https://api.spotify.com/v1/artists/6TIYQ3jFPwQSRmorSezPxX', 'id': '6TIYQ3jFPwQSRmorSezPxX', 'images': [{'height': 640, 'url': 'https://i.scdn.co/image/121e6d42e65360c843a116cb80c672e812101448', 'width': 640}, {'height': 320, 'url': 'https://i.scdn.co/image/9811ecb0f4552fe4056a0431c4c0db9b5fec0d7c', 'width': 320}, {'height': 160, 'url': 'https://i.scdn.co/image/004e1cf1f800f85a920369d2f73565dad83000b2', 'width': 160}], 'name': 'Machine Gun Kelly', 'popularity': 86, 'type': 'artist', 'uri': 'spotify:artist:6TIYQ3jFPwQSRmorSezPxX'}","['ohio hip hop', 'pop rap', 'rap']",86,2454191
YUNGBLUD,6Ad91Jof8Niiw0lGLLi3NW,"{'external_urls': {'spotify': 'https://open.spotify.com/artist/6Ad91Jof8Niiw0lGLLi3NW'}, 'followers': {'href': None, 'total': 1085134}, 'genres': ['british indie rock', 'modern alternative rock', 'modern rock', 'rock'], 'href': 'https://api.spotify.com/v1/artists/6Ad91Jof8Niiw0lGLLi3NW', 'id': '6Ad91Jof8Niiw0lGLLi3NW', 'images': [{'height': 640, 'url': 'https://i.scdn.co/image/c80c63ab74cd54a335b4c13766f16ed04d904589', 'width': 640}, {'height': 320, 'url': 'https://i.scdn.co/image/27bd90b62ef3c48eeda393d398aff38c81d5bd51', 'width': 320}, {'height': 160, 'url': 'https://i.scdn.co/image/f69c6bde8146795cb0b28af6658215a607ed953e', 'width': 160}], 'name': 'YUNGBLUD', 'popularity': 78, 'type': 'artist', 'uri': 'spotify:artist:6Ad91Jof8Niiw0lGLLi3NW'}","['british indie rock', 'modern alternative rock', 'modern rock', 'rock']",78,1085134
Travis Barker,4exLIFE8sISLr28sqG1qNX,"{'external_urls': {'spotify': 'https://open.spotify.com/artist/4exLIFE8sISLr28sqG1qNX'}, 'followers': {'href': None, 'total': 252326}, 'genres': ['rap rock'], 'href': 'https://api.spotify.com/v1/artists/4exLIFE8sISLr28sqG1qNX', 'id': '4exLIFE8sISLr28sqG1qNX', 'images': [{'height': 640, 'url': 'https://i.scdn.co/image/cd7d87a39a85fa389d10ae84d3f517c1cab4827e', 'width': 640}, {'height': 320, 'url': 'https://i.scdn.co/image/b86c42c2a055789860ccebd28cbe6c70fc7afc66', 'width': 320}, {'height': 160, 'url': 'https://i.scdn.co/image/e4f30fb3d77bbc1b67e211b594e23ea4b9a3bfb3', 'width': 160}], 'name': 'Travis Barker', 'popularity': 77, 'type': 'artist', 'uri': 'spotify:artist:4exLIFE8sISLr28sqG1qNX'}",['rap rock'],77,252326
Bazzi,4GvEc3ANtPPjt1ZJllr5Zl,"{'external_urls': {'spotify': 'https://open.spotify.com/artist/4GvEc3ANtPPjt1ZJllr5Zl'}, 'followers': {'href': None, 'total': 3671755}, 'genres': ['pop', 'post-teen pop'], 'href': 'https://api.spotify.com/v1/artists/4GvEc3ANtPPjt1ZJllr5Zl', 'id': '4GvEc3ANtPPjt1ZJllr5Zl', 'images': [{'height': 640, 'url': 'https://i.scdn.co/image/f1d8f8439b1120fad1f87e59a223998c85036638', 'width': 640}, {'height': 320, 'url': 'https://i.scdn.co/image/8e11c379e2c41bfa09e0b56e080280bc35433728', 'width': 320}, {'height': 160, 'url': 'https://i.scdn.co/image/d40bed59b51d8ee79092ba305fa6c8c6bede6cad', 'width': 160}], 'name': 'Bazzi', 'popularity': 83, 'type': 'artist', 'uri': 'spotify:artist:4GvEc3ANtPPjt1ZJllr5Zl'}","['pop', 'post-teen pop']",83,3671755
Kanye West,5K4W6rqBFWDnAN6FQUkS6x,"{'external_urls': {'spotify': 'https://open.spotify.com/artist/5K4W6rqBFWDnAN6FQUkS6x'}, 'followers': {'href': None, 'total': 12428005}, 'genres': ['chicago rap', 'rap'], 'href': 'https://api.spotify.com/v1/artists/5K4W6rqBFWDnAN6FQUkS6x', 'id': '5K4W6rqBFWDnAN6FQUkS6x', 'images': [{'height': 640, 'url': 'https://i.scdn.co/image/bd1c6fdf3705cf9b7d0c8ac8e7bbed98e31a1559', 'width': 640}, {'height': 320, 'url': 'https://i.scdn.co/image/b1414e865a16bc0080085ee1901d0bfd19f83fcb', 'width': 320}, {'height': 160, 'url': 'https://i.scdn.co/image/ac5cb571c194ca5a942b8096618217839b901a76', 'width': 160}], 'name': 'Kanye West', 'popularity': 91, 'type': 'artist', 'uri': 'spotify:artist:5K4W6rqBFWDnAN6FQUkS6x'}","['chicago rap', 'rap']",91,12428005
